STATE,YEAR,Abortion Rate per 1000 People,AGE
Alabama,1988,31.4,15-19
Alabama,1989,30.349999999999998,15-19
Alabama,1990,29.299999999999997,15-19
Alabama,1991,28.25,15-19
Alabama,1992,27.2,15-19
Alabama,1993,25.375,15-19
Alabama,1994,23.549999999999997,15-19
Alabama,1995,21.724999999999998,15-19
Alabama,1996,19.9,15-19
Alabama,1997,18.799999999999997,15-19
Alabama,1998,17.7,15-19
Alabama,1999,16.6,15-19
Alabama,2000,15.5,15-19
Alabama,2001,14.78,15-19
Alabama,2002,14.06,15-19
Alabama,2003,13.34,15-19
Alabama,2004,12.620000000000001,15-19
Alabama,2005,11.9,15-19
Alabama,2006,11.9,15-19
Alabama,2007,11.3,15-19
Alabama,2008,11.3,15-19
Alabama,2009,10.2,15-19
Alabama,2010,9.1,15-19
Alabama,2011,8.8,15-19
Alabama,2012,7.7,15-19
Alabama,2013,6.5,15-19
Alabama,2014,6.3,15-19
Alabama,2015,5.7,15-19
Alabama,2016,5.4,15-19
Alabama,2017,5.1,15-19
Alaska,1988,35.9,15-19
Alaska,1989,34.425,15-19
Alaska,1990,32.95,15-19
Alaska,1991,31.475,15-19
Alaska,1992,30.0,15-19
Alaska,1993,27.225,15-19
Alaska,1994,24.45,15-19
Alaska,1995,21.674999999999997,15-19
Alaska,1996,18.9,15-19
Alaska,1997,17.825,15-19
Alaska,1998,16.75,15-19
Alaska,1999,15.674999999999999,15-19
Alaska,2000,14.6,15-19
Alaska,2001,14.82,15-19
Alaska,2002,15.04,15-19
Alaska,2003,15.26,15-19
Alaska,2004,15.479999999999999,15-19
Alaska,2005,15.7,15-19
Alaska,2006,14.9,15-19
Alaska,2007,14.3,15-19
Alaska,2008,14.8,15-19
Alaska,2009,14.1,15-19
Alaska,2010,16.9,15-19
Alaska,2011,14.1,15-19
Alaska,2012,12.1,15-19
Alaska,2013,10.1,15-19
Alaska,2014,9.4,15-19
Alaska,2015,7.8,15-19
Alaska,2016,7.6,15-19
Alaska,2017,6.6,15-19
Arizona,1988,39.4,15-19
Arizona,1989,37.45,15-19
Arizona,1990,35.5,15-19
Arizona,1991,33.55,15-19
Arizona,1992,31.6,15-19
Arizona,1993,30.325000000000003,15-19
Arizona,1994,29.05,15-19
Arizona,1995,27.775,15-19
Arizona,1996,26.5,15-19
Arizona,1997,25.25,15-19
Arizona,1998,24.0,15-19
Arizona,1999,22.75,15-19
Arizona,2000,21.5,15-19
Arizona,2001,20.76,15-19
Arizona,2002,20.02,15-19
Arizona,2003,19.28,15-19
Arizona,2004,18.54,15-19
Arizona,2005,17.8,15-19
Arizona,2006,16.0,15-19
Arizona,2007,14.5,15-19
Arizona,2008,15.3,15-19
Arizona,2009,11.8,15-19
Arizona,2010,9.1,15-19
Arizona,2011,9.3,15-19
Arizona,2012,7.8,15-19
Arizona,2013,6.7,15-19
Arizona,2014,5.8,15-19
Arizona,2015,5.6,15-19
Arizona,2016,5.9,15-19
Arizona,2017,5.4,15-19
Arkansas,1988,27.2,15-19
Arkansas,1989,26.2,15-19
Arkansas,1990,25.2,15-19
Arkansas,1991,24.2,15-19
Arkansas,1992,23.2,15-19
Arkansas,1993,21.4,15-19
Arkansas,1994,19.6,15-19
Arkansas,1995,17.8,15-19
Arkansas,1996,16.0,15-19
Arkansas,1997,15.075,15-19
Arkansas,1998,14.15,15-19
Arkansas,1999,13.225000000000001,15-19
Arkansas,2000,12.3,15-19
Arkansas,2001,11.540000000000001,15-19
Arkansas,2002,10.780000000000001,15-19
Arkansas,2003,10.02,15-19
Arkansas,2004,9.26,15-19
Arkansas,2005,8.5,15-19
Arkansas,2006,10.2,15-19
Arkansas,2007,9.9,15-19
Arkansas,2008,9.8,15-19
Arkansas,2009,9.1,15-19
Arkansas,2010,8.8,15-19
Arkansas,2011,7.7,15-19
Arkansas,2012,7.1,15-19
Arkansas,2013,5.8,15-19
Arkansas,2014,5.0,15-19
Arkansas,2015,4.2,15-19
Arkansas,2016,3.9,15-19
Arkansas,2017,4.0,15-19
California,1988,75.0,15-19
California,1989,71.9,15-19
California,1990,68.8,15-19
California,1991,65.7,15-19
California,1992,62.6,15-19
California,1993,58.6,15-19
California,1994,54.6,15-19
California,1995,50.6,15-19
California,1996,46.6,15-19
California,1997,44.025,15-19
California,1998,41.45,15-19
California,1999,38.875,15-19
California,2000,36.3,15-19
California,2001,34.3,15-19
California,2002,32.3,15-19
California,2003,30.299999999999997,15-19
California,2004,28.3,15-19
California,2005,26.3,15-19
California,2006,26.5,15-19
California,2007,27.0,15-19
California,2008,25.1,15-19
California,2009,22.7,15-19
California,2010,20.2,15-19
California,2011,17.9,15-19
California,2012,15.9,15-19
California,2013,14.4,15-19
California,2014,12.7,15-19
California,2015,11.4,15-19
California,2016,10.3,15-19
California,2017,9.6,15-19
Colorado,1988,38.4,15-19
Colorado,1989,38.1,15-19
Colorado,1990,37.8,15-19
Colorado,1991,37.5,15-19
Colorado,1992,37.2,15-19
Colorado,1993,35.300000000000004,15-19
Colorado,1994,33.400000000000006,15-19
Colorado,1995,31.5,15-19
Colorado,1996,29.6,15-19
Colorado,1997,26.925,15-19
Colorado,1998,24.25,15-19
Colorado,1999,21.575,15-19
Colorado,2000,18.9,15-19
Colorado,2001,18.419999999999998,15-19
Colorado,2002,17.939999999999998,15-19
Colorado,2003,17.46,15-19
Colorado,2004,16.98,15-19
Colorado,2005,16.5,15-19
Colorado,2006,16.4,15-19
Colorado,2007,17.1,15-19
Colorado,2008,16.0,15-19
Colorado,2009,14.2,15-19
Colorado,2010,12.5,15-19
Colorado,2011,11.0,15-19
Colorado,2012,9.7,15-19
Colorado,2013,8.3,15-19
Colorado,2014,7.5,15-19
Colorado,2015,6.9,15-19
Colorado,2016,6.2,15-19
Colorado,2017,6.2,15-19
Connecticut,1988,55.3,15-19
Connecticut,1989,52.5,15-19
Connecticut,1990,49.7,15-19
Connecticut,1991,46.9,15-19
Connecticut,1992,44.1,15-19
Connecticut,1993,42.3,15-19
Connecticut,1994,40.5,15-19
Connecticut,1995,38.7,15-19
Connecticut,1996,36.9,15-19
Connecticut,1997,35.225,15-19
Connecticut,1998,33.55,15-19
Connecticut,1999,31.875,15-19
Connecticut,2000,30.2,15-19
Connecticut,2001,29.5,15-19
Connecticut,2002,28.8,15-19
Connecticut,2003,28.1,15-19
Connecticut,2004,27.4,15-19
Connecticut,2005,26.7,15-19
Connecticut,2006,27.6,15-19
Connecticut,2007,27.3,15-19
Connecticut,2008,26.0,15-19
Connecticut,2009,23.1,15-19
Connecticut,2010,20.0,15-19
Connecticut,2011,16.8,15-19
Connecticut,2012,14.0,15-19
Connecticut,2013,12.7,15-19
Connecticut,2014,11.7,15-19
Connecticut,2015,10.7,15-19
Connecticut,2016,9.2,15-19
Connecticut,2017,9.3,15-19
Delaware,1988,49.0,15-19
Delaware,1989,47.625,15-19
Delaware,1990,46.25,15-19
Delaware,1991,44.875,15-19
Delaware,1992,43.5,15-19
Delaware,1993,38.575,15-19
Delaware,1994,33.65,15-19
Delaware,1995,28.725,15-19
Delaware,1996,23.8,15-19
Delaware,1997,25.625,15-19
Delaware,1998,27.450000000000003,15-19
Delaware,1999,29.275000000000002,15-19
Delaware,2000,31.1,15-19
Delaware,2001,29.84,15-19
Delaware,2002,28.580000000000002,15-19
Delaware,2003,27.32,15-19
Delaware,2004,26.060000000000002,15-19
Delaware,2005,24.8,15-19
Delaware,2006,28.3,15-19
Delaware,2007,34.3,15-19
Delaware,2008,32.7,15-19
Delaware,2009,26.3,15-19
Delaware,2010,28.2,15-19
Delaware,2011,22.7,15-19
Delaware,2012,16.8,15-19
Delaware,2013,15.2,15-19
Delaware,2014,13.5,15-19
Delaware,2015,12.1,15-19
Delaware,2016,11.0,15-19
Delaware,2017,8.4,15-19
District of Columbia,1988,,15-19
District of Columbia,1989,,15-19
District of Columbia,1990,,15-19
District of Columbia,1991,,15-19
District of Columbia,1992,,15-19
District of Columbia,1993,,15-19
District of Columbia,1994,,15-19
District of Columbia,1995,,15-19
District of Columbia,1996,,15-19
District of Columbia,1997,,15-19
District of Columbia,1998,,15-19
District of Columbia,1999,,15-19
District of Columbia,2000,52.6,15-19
District of Columbia,2001,52.94,15-19
District of Columbia,2002,53.28,15-19
District of Columbia,2003,53.62,15-19
District of Columbia,2004,53.96,15-19
District of Columbia,2005,54.3,15-19
District of Columbia,2006,50.0,15-19
District of Columbia,2007,40.1,15-19
District of Columbia,2008,46.8,15-19
District of Columbia,2009,38.2,15-19
District of Columbia,2010,32.7,15-19
District of Columbia,2011,25.6,15-19
District of Columbia,2012,20.3,15-19
District of Columbia,2013,26.4,15-19
District of Columbia,2014,21.8,15-19
District of Columbia,2015,15.3,15-19
District of Columbia,2016,12.2,15-19
District of Columbia,2017,19.8,15-19
Florida,1988,51.1,15-19
Florida,1989,48.775,15-19
Florida,1990,46.45,15-19
Florida,1991,44.125,15-19
Florida,1992,41.8,15-19
Florida,1993,41.55,15-19
Florida,1994,41.3,15-19
Florida,1995,41.05,15-19
Florida,1996,40.8,15-19
Florida,1997,39.025,15-19
Florida,1998,37.25,15-19
Florida,1999,35.475,15-19
Florida,2000,33.7,15-19
Florida,2001,31.900000000000002,15-19
Florida,2002,30.1,15-19
Florida,2003,28.3,15-19
Florida,2004,26.5,15-19
Florida,2005,24.7,15-19
Florida,2006,24.3,15-19
Florida,2007,24.4,15-19
Florida,2008,23.1,15-19
Florida,2009,21.7,15-19
Florida,2010,20.2,15-19
Florida,2011,18.6,15-19
Florida,2012,16.5,15-19
Florida,2013,14.8,15-19
Florida,2014,13.3,15-19
Florida,2015,11.7,15-19
Florida,2016,10.6,15-19
Florida,2017,9.1,15-19
Georgia,1988,35.7,15-19
Georgia,1989,35.225,15-19
Georgia,1990,34.75,15-19
Georgia,1991,34.275,15-19
Georgia,1992,33.8,15-19
Georgia,1993,31.699999999999996,15-19
Georgia,1994,29.599999999999998,15-19
Georgia,1995,27.5,15-19
Georgia,1996,25.4,15-19
Georgia,1997,23.625,15-19
Georgia,1998,21.85,15-19
Georgia,1999,20.075,15-19
Georgia,2000,18.3,15-19
Georgia,2001,17.6,15-19
Georgia,2002,16.900000000000002,15-19
Georgia,2003,16.200000000000003,15-19
Georgia,2004,15.5,15-19
Georgia,2005,14.8,15-19
Georgia,2006,14.1,15-19
Georgia,2007,15.0,15-19
Georgia,2008,16.5,15-19
Georgia,2009,15.0,15-19
Georgia,2010,13.3,15-19
Georgia,2011,12.6,15-19
Georgia,2012,11.3,15-19
Georgia,2013,10.0,15-19
Georgia,2014,9.0,15-19
Georgia,2015,8.2,15-19
Georgia,2016,7.9,15-19
Georgia,2017,7.4,15-19
Hawaii,1988,65.9,15-19
Hawaii,1989,66.42500000000001,15-19
Hawaii,1990,66.95,15-19
Hawaii,1991,67.475,15-19
Hawaii,1992,68.0,15-19
Hawaii,1993,61.0,15-19
Hawaii,1994,54.0,15-19
Hawaii,1995,47.0,15-19
Hawaii,1996,40.0,15-19
Hawaii,1997,38.575,15-19
Hawaii,1998,37.15,15-19
Hawaii,1999,35.724999999999994,15-19
Hawaii,2000,34.3,15-19
Hawaii,2001,32.46,15-19
Hawaii,2002,30.619999999999997,15-19
Hawaii,2003,28.78,15-19
Hawaii,2004,26.94,15-19
Hawaii,2005,25.1,15-19
Hawaii,2006,26.5,15-19
Hawaii,2007,26.7,15-19
Hawaii,2008,27.2,15-19
Hawaii,2009,23.8,15-19
Hawaii,2010,23.9,15-19
Hawaii,2011,23.0,15-19
Hawaii,2012,18.3,15-19
Hawaii,2013,13.2,15-19
Hawaii,2014,11.4,15-19
Hawaii,2015,9.5,15-19
Hawaii,2016,8.4,15-19
Hawaii,2017,8.3,15-19
Idaho,1988,17.7,15-19
Idaho,1989,16.775,15-19
Idaho,1990,15.85,15-19
Idaho,1991,14.925,15-19
Idaho,1992,14.0,15-19
Idaho,1993,13.5,15-19
Idaho,1994,13.0,15-19
Idaho,1995,12.5,15-19
Idaho,1996,12.0,15-19
Idaho,1997,11.475,15-19
Idaho,1998,10.95,15-19
Idaho,1999,10.425,15-19
Idaho,2000,9.9,15-19
Idaho,2001,9.66,15-19
Idaho,2002,9.42,15-19
Idaho,2003,9.18,15-19
Idaho,2004,8.94,15-19
Idaho,2005,8.7,15-19
Idaho,2006,9.9,15-19
Idaho,2007,10.2,15-19
Idaho,2008,8.4,15-19
Idaho,2009,7.5,15-19
Idaho,2010,7.0,15-19
Idaho,2011,6.0,15-19
Idaho,2012,6.1,15-19
Idaho,2013,4.2,15-19
Idaho,2014,4.1,15-19
Idaho,2015,4.0,15-19
Idaho,2016,3.8,15-19
Idaho,2017,3.4,15-19
Illinois,1988,42.2,15-19
Illinois,1989,39.675000000000004,15-19
Illinois,1990,37.150000000000006,15-19
Illinois,1991,34.625,15-19
Illinois,1992,32.1,15-19
Illinois,1993,32.8,15-19
Illinois,1994,33.5,15-19
Illinois,1995,34.2,15-19
Illinois,1996,34.9,15-19
Illinois,1997,33.125,15-19
Illinois,1998,31.35,15-19
Illinois,1999,29.575,15-19
Illinois,2000,27.8,15-19
Illinois,2001,26.060000000000002,15-19
Illinois,2002,24.32,15-19
Illinois,2003,22.580000000000002,15-19
Illinois,2004,20.840000000000003,15-19
Illinois,2005,19.1,15-19
Illinois,2006,18.5,15-19
Illinois,2007,19.1,15-19
Illinois,2008,19.9,15-19
Illinois,2009,17.6,15-19
Illinois,2010,15.7,15-19
Illinois,2011,14.5,15-19
Illinois,2012,13.3,15-19
Illinois,2013,12.3,15-19
Illinois,2014,10.6,15-19
Illinois,2015,9.3,15-19
Illinois,2016,8.4,15-19
Illinois,2017,8.6,15-19
Indiana,1988,24.5,15-19
Indiana,1989,23.875,15-19
Indiana,1990,23.25,15-19
Indiana,1991,22.625,15-19
Indiana,1992,22.0,15-19
Indiana,1993,21.05,15-19
Indiana,1994,20.1,15-19
Indiana,1995,19.15,15-19
Indiana,1996,18.2,15-19
Indiana,1997,16.75,15-19
Indiana,1998,15.3,15-19
Indiana,1999,13.85,15-19
Indiana,2000,12.4,15-19
Indiana,2001,11.82,15-19
Indiana,2002,11.24,15-19
Indiana,2003,10.66,15-19
Indiana,2004,10.08,15-19
Indiana,2005,9.5,15-19
Indiana,2006,8.8,15-19
Indiana,2007,8.9,15-19
Indiana,2008,8.4,15-19
Indiana,2009,8.2,15-19
Indiana,2010,7.4,15-19
Indiana,2011,6.2,15-19
Indiana,2012,5.6,15-19
Indiana,2013,5.2,15-19
Indiana,2014,5.1,15-19
Indiana,2015,4.7,15-19
Indiana,2016,4.7,15-19
Indiana,2017,4.8,15-19
Iowa,1988,26.7,15-19
Iowa,1989,24.05,15-19
Iowa,1990,21.4,15-19
Iowa,1991,18.75,15-19
Iowa,1992,16.1,15-19
Iowa,1993,14.975000000000001,15-19
Iowa,1994,13.850000000000001,15-19
Iowa,1995,12.725,15-19
Iowa,1996,11.6,15-19
Iowa,1997,11.725,15-19
Iowa,1998,11.85,15-19
Iowa,1999,11.975,15-19
Iowa,2000,12.1,15-19
Iowa,2001,11.74,15-19
Iowa,2002,11.38,15-19
Iowa,2003,11.02,15-19
Iowa,2004,10.66,15-19
Iowa,2005,10.3,15-19
Iowa,2006,10.5,15-19
Iowa,2007,10.8,15-19
Iowa,2008,10.0,15-19
Iowa,2009,10.0,15-19
Iowa,2010,8.9,15-19
Iowa,2011,7.7,15-19
Iowa,2012,6.5,15-19
Iowa,2013,4.8,15-19
Iowa,2014,4.5,15-19
Iowa,2015,4.3,15-19
Iowa,2016,4.2,15-19
Iowa,2017,3.5,15-19
Kansas,1988,26.8,15-19
Kansas,1989,25.45,15-19
Kansas,1990,24.1,15-19
Kansas,1991,22.75,15-19
Kansas,1992,21.4,15-19
Kansas,1993,20.299999999999997,15-19
Kansas,1994,19.2,15-19
Kansas,1995,18.1,15-19
Kansas,1996,17.0,15-19
Kansas,1997,15.825,15-19
Kansas,1998,14.65,15-19
Kansas,1999,13.475000000000001,15-19
Kansas,2000,12.3,15-19
Kansas,2001,11.72,15-19
Kansas,2002,11.14,15-19
Kansas,2003,10.56,15-19
Kansas,2004,9.98,15-19
Kansas,2005,9.4,15-19
Kansas,2006,9.5,15-19
Kansas,2007,9.2,15-19
Kansas,2008,9.1,15-19
Kansas,2009,7.4,15-19
Kansas,2010,5.5,15-19
Kansas,2011,5.0,15-19
Kansas,2012,5.0,15-19
Kansas,2013,4.4,15-19
Kansas,2014,4.1,15-19
Kansas,2015,3.6,15-19
Kansas,2016,3.4,15-19
Kansas,2017,3.7,15-19
Kentucky,1988,21.9,15-19
Kentucky,1989,21.25,15-19
Kentucky,1990,20.6,15-19
Kentucky,1991,19.95,15-19
Kentucky,1992,19.3,15-19
Kentucky,1993,17.475,15-19
Kentucky,1994,15.65,15-19
Kentucky,1995,13.825,15-19
Kentucky,1996,12.0,15-19
Kentucky,1997,11.075,15-19
Kentucky,1998,10.15,15-19
Kentucky,1999,9.225000000000001,15-19
Kentucky,2000,8.3,15-19
Kentucky,2001,7.9,15-19
Kentucky,2002,7.5,15-19
Kentucky,2003,7.1,15-19
Kentucky,2004,6.7,15-19
Kentucky,2005,6.3,15-19
Kentucky,2006,7.0,15-19
Kentucky,2007,7.3,15-19
Kentucky,2008,7.0,15-19
Kentucky,2009,7.1,15-19
Kentucky,2010,6.2,15-19
Kentucky,2011,5.9,15-19
Kentucky,2012,5.0,15-19
Kentucky,2013,4.8,15-19
Kentucky,2014,4.4,15-19
Kentucky,2015,3.7,15-19
Kentucky,2016,3.4,15-19
Kentucky,2017,3.3,15-19
Louisiana,1988,22.7,15-19
Louisiana,1989,20.825,15-19
Louisiana,1990,18.95,15-19
Louisiana,1991,17.075,15-19
Louisiana,1992,15.2,15-19
Louisiana,1993,15.25,15-19
Louisiana,1994,15.3,15-19
Louisiana,1995,15.35,15-19
Louisiana,1996,15.4,15-19
Louisiana,1997,14.375,15-19
Louisiana,1998,13.350000000000001,15-19
Louisiana,1999,12.325000000000001,15-19
Louisiana,2000,11.3,15-19
Louisiana,2001,10.940000000000001,15-19
Louisiana,2002,10.58,15-19
Louisiana,2003,10.22,15-19
Louisiana,2004,9.86,15-19
Louisiana,2005,9.5,15-19
Louisiana,2006,11.5,15-19
Louisiana,2007,12.6,15-19
Louisiana,2008,14.1,15-19
Louisiana,2009,13.0,15-19
Louisiana,2010,10.6,15-19
Louisiana,2011,10.3,15-19
Louisiana,2012,8.0,15-19
Louisiana,2013,6.7,15-19
Louisiana,2014,6.1,15-19
Louisiana,2015,5.9,15-19
Louisiana,2016,6.1,15-19
Louisiana,2017,5.8,15-19
Maine,1988,29.1,15-19
Maine,1989,26.925,15-19
Maine,1990,24.75,15-19
Maine,1991,22.575,15-19
Maine,1992,20.4,15-19
Maine,1993,20.025,15-19
Maine,1994,19.65,15-19
Maine,1995,19.275,15-19
Maine,1996,18.9,15-19
Maine,1997,17.95,15-19
Maine,1998,17.0,15-19
Maine,1999,16.05,15-19
Maine,2000,15.1,15-19
Maine,2001,14.54,15-19
Maine,2002,13.98,15-19
Maine,2003,13.42,15-19
Maine,2004,12.86,15-19
Maine,2005,12.3,15-19
Maine,2006,11.6,15-19
Maine,2007,12.2,15-19
Maine,2008,11.9,15-19
Maine,2009,10.7,15-19
Maine,2010,10.1,15-19
Maine,2011,8.3,15-19
Maine,2012,8.6,15-19
Maine,2013,7.8,15-19
Maine,2014,6.9,15-19
Maine,2015,6.4,15-19
Maine,2016,5.8,15-19
Maine,2017,6.4,15-19
Maryland,1988,58.5,15-19
Maryland,1989,56.85,15-19
Maryland,1990,55.2,15-19
Maryland,1991,53.55,15-19
Maryland,1992,51.9,15-19
Maryland,1993,50.35,15-19
Maryland,1994,48.8,15-19
Maryland,1995,47.25,15-19
Maryland,1996,45.7,15-19
Maryland,1997,43.775000000000006,15-19
Maryland,1998,41.85,15-19
Maryland,1999,39.925,15-19
Maryland,2000,38.0,15-19
Maryland,2001,35.4,15-19
Maryland,2002,32.8,15-19
Maryland,2003,30.2,15-19
Maryland,2004,27.6,15-19
Maryland,2005,25.0,15-19
Maryland,2006,23.2,15-19
Maryland,2007,22.8,15-19
Maryland,2008,22.3,15-19
Maryland,2009,22.4,15-19
Maryland,2010,22.7,15-19
Maryland,2011,23.5,15-19
Maryland,2012,18.2,15-19
Maryland,2013,17.1,15-19
Maryland,2014,15.2,15-19
Maryland,2015,13.3,15-19
Maryland,2016,12.6,15-19
Maryland,2017,12.7,15-19
Massachusetts,1988,51.3,15-19
Massachusetts,1989,47.875,15-19
Massachusetts,1990,44.45,15-19
Massachusetts,1991,41.025,15-19
Massachusetts,1992,37.6,15-19
Massachusetts,1993,36.975,15-19
Massachusetts,1994,36.35,15-19
Massachusetts,1995,35.725,15-19
Massachusetts,1996,35.1,15-19
Massachusetts,1997,32.75,15-19
Massachusetts,1998,30.4,15-19
Massachusetts,1999,28.05,15-19
Massachusetts,2000,25.7,15-19
Massachusetts,2001,24.48,15-19
Massachusetts,2002,23.26,15-19
Massachusetts,2003,22.04,15-19
Massachusetts,2004,20.82,15-19
Massachusetts,2005,19.6,15-19
Massachusetts,2006,19.2,15-19
Massachusetts,2007,19.3,15-19
Massachusetts,2008,17.2,15-19
Massachusetts,2009,16.0,15-19
Massachusetts,2010,14.5,15-19
Massachusetts,2011,13.2,15-19
Massachusetts,2012,12.1,15-19
Massachusetts,2013,9.2,15-19
Massachusetts,2014,8.6,15-19
Massachusetts,2015,7.4,15-19
Massachusetts,2016,7.0,15-19
Massachusetts,2017,6.1,15-19
Michigan,1988,47.3,15-19
Michigan,1989,44.625,15-19
Michigan,1990,41.95,15-19
Michigan,1991,39.275,15-19
Michigan,1992,36.6,15-19
Michigan,1993,34.55,15-19
Michigan,1994,32.5,15-19
Michigan,1995,30.45,15-19
Michigan,1996,28.4,15-19
Michigan,1997,27.349999999999998,15-19
Michigan,1998,26.299999999999997,15-19
Michigan,1999,25.25,15-19
Michigan,2000,24.2,15-19
Michigan,2001,23.24,15-19
Michigan,2002,22.279999999999998,15-19
Michigan,2003,21.32,15-19
Michigan,2004,20.36,15-19
Michigan,2005,19.4,15-19
Michigan,2006,18.0,15-19
Michigan,2007,17.1,15-19
Michigan,2008,17.8,15-19
Michigan,2009,16.7,15-19
Michigan,2010,14.4,15-19
Michigan,2011,12.8,15-19
Michigan,2012,11.0,15-19
Michigan,2013,10.1,15-19
Michigan,2014,9.1,15-19
Michigan,2015,7.9,15-19
Michigan,2016,7.5,15-19
Michigan,2017,7.1,15-19
Minnesota,1988,28.7,15-19
Minnesota,1989,26.15,15-19
Minnesota,1990,23.6,15-19
Minnesota,1991,21.05,15-19
Minnesota,1992,18.5,15-19
Minnesota,1993,17.75,15-19
Minnesota,1994,17.0,15-19
Minnesota,1995,16.25,15-19
Minnesota,1996,15.5,15-19
Minnesota,1997,14.75,15-19
Minnesota,1998,14.0,15-19
Minnesota,1999,13.25,15-19
Minnesota,2000,12.5,15-19
Minnesota,2001,12.12,15-19
Minnesota,2002,11.74,15-19
Minnesota,2003,11.36,15-19
Minnesota,2004,10.98,15-19
Minnesota,2005,10.6,15-19
Minnesota,2006,10.6,15-19
Minnesota,2007,10.9,15-19
Minnesota,2008,9.8,15-19
Minnesota,2009,9.1,15-19
Minnesota,2010,7.7,15-19
Minnesota,2011,7.4,15-19
Minnesota,2012,6.4,15-19
Minnesota,2013,5.6,15-19
Minnesota,2014,4.9,15-19
Minnesota,2015,4.6,15-19
Minnesota,2016,4.8,15-19
Minnesota,2017,4.7,15-19
Mississippi,1988,16.0,15-19
Mississippi,1989,16.8,15-19
Mississippi,1990,17.6,15-19
Mississippi,1991,18.4,15-19
Mississippi,1992,19.2,15-19
Mississippi,1993,18.2,15-19
Mississippi,1994,17.2,15-19
Mississippi,1995,16.2,15-19
Mississippi,1996,15.2,15-19
Mississippi,1997,15.375,15-19
Mississippi,1998,15.55,15-19
Mississippi,1999,15.725,15-19
Mississippi,2000,15.9,15-19
Mississippi,2001,14.94,15-19
Mississippi,2002,13.98,15-19
Mississippi,2003,13.02,15-19
Mississippi,2004,12.059999999999999,15-19
Mississippi,2005,11.1,15-19
Mississippi,2006,10.9,15-19
Mississippi,2007,10.6,15-19
Mississippi,2008,11.9,15-19
Mississippi,2009,10.2,15-19
Mississippi,2010,9.3,15-19
Mississippi,2011,8.2,15-19
Mississippi,2012,7.4,15-19
Mississippi,2013,6.8,15-19
Mississippi,2014,6.1,15-19
Mississippi,2015,5.1,15-19
Mississippi,2016,4.6,15-19
Mississippi,2017,5.1,15-19
Missouri,1988,29.9,15-19
Missouri,1989,27.9,15-19
Missouri,1990,25.9,15-19
Missouri,1991,23.9,15-19
Missouri,1992,21.9,15-19
Missouri,1993,20.299999999999997,15-19
Missouri,1994,18.7,15-19
Missouri,1995,17.1,15-19
Missouri,1996,15.5,15-19
Missouri,1997,15.15,15-19
Missouri,1998,14.8,15-19
Missouri,1999,14.45,15-19
Missouri,2000,14.1,15-19
Missouri,2001,13.5,15-19
Missouri,2002,12.9,15-19
Missouri,2003,12.3,15-19
Missouri,2004,11.7,15-19
Missouri,2005,11.1,15-19
Missouri,2006,11.8,15-19
Missouri,2007,12.1,15-19
Missouri,2008,11.3,15-19
Missouri,2009,10.2,15-19
Missouri,2010,8.8,15-19
Missouri,2011,8.2,15-19
Missouri,2012,7.6,15-19
Missouri,2013,6.5,15-19
Missouri,2014,5.3,15-19
Missouri,2015,5.0,15-19
Missouri,2016,5.2,15-19
Missouri,2017,5.3,15-19
Montana,1988,23.9,15-19
Montana,1989,23.799999999999997,15-19
Montana,1990,23.7,15-19
Montana,1991,23.6,15-19
Montana,1992,23.5,15-19
Montana,1993,21.95,15-19
Montana,1994,20.4,15-19
Montana,1995,18.85,15-19
Montana,1996,17.3,15-19
Montana,1997,16.6,15-19
Montana,1998,15.9,15-19
Montana,1999,15.2,15-19
Montana,2000,14.5,15-19
Montana,2001,14.16,15-19
Montana,2002,13.82,15-19
Montana,2003,13.48,15-19
Montana,2004,13.14,15-19
Montana,2005,12.8,15-19
Montana,2006,11.4,15-19
Montana,2007,11.6,15-19
Montana,2008,11.3,15-19
Montana,2009,10.8,15-19
Montana,2010,9.7,15-19
Montana,2011,10.4,15-19
Montana,2012,8.6,15-19
Montana,2013,7.0,15-19
Montana,2014,6.8,15-19
Montana,2015,6.3,15-19
Montana,2016,5.3,15-19
Montana,2017,5.9,15-19
Nebraska,1988,27.9,15-19
Nebraska,1989,25.799999999999997,15-19
Nebraska,1990,23.7,15-19
Nebraska,1991,21.6,15-19
Nebraska,1992,19.5,15-19
Nebraska,1993,18.075,15-19
Nebraska,1994,16.65,15-19
Nebraska,1995,15.225000000000001,15-19
Nebraska,1996,13.8,15-19
Nebraska,1997,13.425,15-19
Nebraska,1998,13.05,15-19
Nebraska,1999,12.675,15-19
Nebraska,2000,12.3,15-19
Nebraska,2001,11.38,15-19
Nebraska,2002,10.46,15-19
Nebraska,2003,9.54,15-19
Nebraska,2004,8.620000000000001,15-19
Nebraska,2005,7.7,15-19
Nebraska,2006,6.4,15-19
Nebraska,2007,6.1,15-19
Nebraska,2008,6.9,15-19
Nebraska,2009,6.6,15-19
Nebraska,2010,5.3,15-19
Nebraska,2011,6.1,15-19
Nebraska,2012,4.8,15-19
Nebraska,2013,4.6,15-19
Nebraska,2014,3.7,15-19
Nebraska,2015,3.5,15-19
Nebraska,2016,3.0,15-19
Nebraska,2017,3.2,15-19
Nevada,1988,56.9,15-19
Nevada,1989,55.925,15-19
Nevada,1990,54.95,15-19
Nevada,1991,53.975,15-19
Nevada,1992,53.0,15-19
Nevada,1993,52.35,15-19
Nevada,1994,51.7,15-19
Nevada,1995,51.05,15-19
Nevada,1996,50.4,15-19
Nevada,1997,47.0,15-19
Nevada,1998,43.599999999999994,15-19
Nevada,1999,40.199999999999996,15-19
Nevada,2000,36.8,15-19
Nevada,2001,35.16,15-19
Nevada,2002,33.519999999999996,15-19
Nevada,2003,31.88,15-19
Nevada,2004,30.240000000000002,15-19
Nevada,2005,28.6,15-19
Nevada,2006,26.9,15-19
Nevada,2007,26.3,15-19
Nevada,2008,23.5,15-19
Nevada,2009,21.9,15-19
Nevada,2010,20.2,15-19
Nevada,2011,16.9,15-19
Nevada,2012,14.4,15-19
Nevada,2013,11.5,15-19
Nevada,2014,12.0,15-19
Nevada,2015,11.0,15-19
Nevada,2016,10.2,15-19
Nevada,2017,9.0,15-19
New Hampshire,1988,44.5,15-19
New Hampshire,1989,38.825,15-19
New Hampshire,1990,33.15,15-19
New Hampshire,1991,27.475,15-19
New Hampshire,1992,21.8,15-19
New Hampshire,1993,21.65,15-19
New Hampshire,1994,21.5,15-19
New Hampshire,1995,21.35,15-19
New Hampshire,1996,21.2,15-19
New Hampshire,1997,20.2,15-19
New Hampshire,1998,19.2,15-19
New Hampshire,1999,18.2,15-19
New Hampshire,2000,17.2,15-19
New Hampshire,2001,15.899999999999999,15-19
New Hampshire,2002,14.6,15-19
New Hampshire,2003,13.299999999999999,15-19
New Hampshire,2004,12.0,15-19
New Hampshire,2005,10.7,15-19
New Hampshire,2006,10.5,15-19
New Hampshire,2007,10.6,15-19
New Hampshire,2008,9.5,15-19
New Hampshire,2009,9.0,15-19
New Hampshire,2010,8.5,15-19
New Hampshire,2011,8.6,15-19
New Hampshire,2012,7.5,15-19
New Hampshire,2013,6.5,15-19
New Hampshire,2014,6.4,15-19
New Hampshire,2015,5.7,15-19
New Hampshire,2016,5.8,15-19
New Hampshire,2017,5.3,15-19
New Jersey,1988,57.0,15-19
New Jersey,1989,54.35,15-19
New Jersey,1990,51.7,15-19
New Jersey,1991,49.05,15-19
New Jersey,1992,46.4,15-19
New Jersey,1993,47.2,15-19
New Jersey,1994,48.0,15-19
New Jersey,1995,48.8,15-19
New Jersey,1996,49.6,15-19
New Jersey,1997,49.2,15-19
New Jersey,1998,48.8,15-19
New Jersey,1999,48.4,15-19
New Jersey,2000,48.0,15-19
New Jersey,2001,46.02,15-19
New Jersey,2002,44.04,15-19
New Jersey,2003,42.06,15-19
New Jersey,2004,40.08,15-19
New Jersey,2005,38.1,15-19
New Jersey,2006,35.4,15-19
New Jersey,2007,28.7,15-19
New Jersey,2008,30.3,15-19
New Jersey,2009,25.0,15-19
New Jersey,2010,24.6,15-19
New Jersey,2011,22.3,15-19
New Jersey,2012,16.4,15-19
New Jersey,2013,16.5,15-19
New Jersey,2014,14.6,15-19
New Jersey,2015,16.1,15-19
New Jersey,2016,16.3,15-19
New Jersey,2017,14.9,15-19
New Mexico,1988,34.3,15-19
New Mexico,1989,33.125,15-19
New Mexico,1990,31.95,15-19
New Mexico,1991,30.775,15-19
New Mexico,1992,29.6,15-19
New Mexico,1993,27.700000000000003,15-19
New Mexico,1994,25.8,15-19
New Mexico,1995,23.9,15-19
New Mexico,1996,22.0,15-19
New Mexico,1997,21.975,15-19
New Mexico,1998,21.95,15-19
New Mexico,1999,21.924999999999997,15-19
New Mexico,2000,21.9,15-19
New Mexico,2001,21.04,15-19
New Mexico,2002,20.18,15-19
New Mexico,2003,19.32,15-19
New Mexico,2004,18.46,15-19
New Mexico,2005,17.6,15-19
New Mexico,2006,18.8,15-19
New Mexico,2007,19.4,15-19
New Mexico,2008,17.4,15-19
New Mexico,2009,16.2,15-19
New Mexico,2010,15.0,15-19
New Mexico,2011,12.4,15-19
New Mexico,2012,11.1,15-19
New Mexico,2013,9.0,15-19
New Mexico,2014,8.3,15-19
New Mexico,2015,8.3,15-19
New Mexico,2016,8.3,15-19
New Mexico,2017,7.2,15-19
New York,1988,59.3,15-19
New York,1989,59.125,15-19
New York,1990,58.95,15-19
New York,1991,58.775,15-19
New York,1992,58.6,15-19
New York,1993,56.525,15-19
New York,1994,54.45,15-19
New York,1995,52.375,15-19
New York,1996,50.3,15-19
New York,1997,49.224999999999994,15-19
New York,1998,48.15,15-19
New York,1999,47.075,15-19
New York,2000,46.0,15-19
New York,2001,44.9,15-19
New York,2002,43.8,15-19
New York,2003,42.7,15-19
New York,2004,41.6,15-19
New York,2005,40.5,15-19
New York,2006,39.2,15-19
New York,2007,37.6,15-19
New York,2008,37.4,15-19
New York,2009,35.5,15-19
New York,2010,32.7,15-19
New York,2011,30.2,15-19
New York,2012,26.1,15-19
New York,2013,22.2,15-19
New York,2014,20.6,15-19
New York,2015,18.7,15-19
New York,2016,17.2,15-19
New York,2017,16.2,15-19
North Carolina,1988,43.6,15-19
North Carolina,1989,41.125,15-19
North Carolina,1990,38.650000000000006,15-19
North Carolina,1991,36.175000000000004,15-19
North Carolina,1992,33.7,15-19
North Carolina,1993,31.6,15-19
North Carolina,1994,29.5,15-19
North Carolina,1995,27.400000000000002,15-19
North Carolina,1996,25.3,15-19
North Carolina,1997,24.525,15-19
North Carolina,1998,23.75,15-19
North Carolina,1999,22.975,15-19
North Carolina,2000,22.2,15-19
North Carolina,2001,20.86,15-19
North Carolina,2002,19.52,15-19
North Carolina,2003,18.18,15-19
North Carolina,2004,16.84,15-19
North Carolina,2005,15.5,15-19
North Carolina,2006,15.3,15-19
North Carolina,2007,15.4,15-19
North Carolina,2008,14.3,15-19
North Carolina,2009,13.8,15-19
North Carolina,2010,12.2,15-19
North Carolina,2011,10.1,15-19
North Carolina,2012,9.7,15-19
North Carolina,2013,9.3,15-19
North Carolina,2014,8.1,15-19
North Carolina,2015,7.3,15-19
North Carolina,2016,6.2,15-19
North Carolina,2017,6.7,15-19
North Dakota,1988,18.8,15-19
North Dakota,1989,17.425,15-19
North Dakota,1990,16.05,15-19
North Dakota,1991,14.675,15-19
North Dakota,1992,13.3,15-19
North Dakota,1993,12.65,15-19
North Dakota,1994,12.0,15-19
North Dakota,1995,11.35,15-19
North Dakota,1996,10.7,15-19
North Dakota,1997,10.0,15-19
North Dakota,1998,9.3,15-19
North Dakota,1999,8.6,15-19
North Dakota,2000,7.9,15-19
North Dakota,2001,7.82,15-19
North Dakota,2002,7.74,15-19
North Dakota,2003,7.66,15-19
North Dakota,2004,7.58,15-19
North Dakota,2005,7.5,15-19
North Dakota,2006,6.4,15-19
North Dakota,2007,6.7,15-19
North Dakota,2008,7.7,15-19
North Dakota,2009,7.1,15-19
North Dakota,2010,6.6,15-19
North Dakota,2011,5.7,15-19
North Dakota,2012,5.4,15-19
North Dakota,2013,4.4,15-19
North Dakota,2014,4.4,15-19
North Dakota,2015,3.9,15-19
North Dakota,2016,4.0,15-19
North Dakota,2017,4.3,15-19
Ohio,1988,30.3,15-19
Ohio,1989,28.075,15-19
Ohio,1990,25.85,15-19
Ohio,1991,23.625,15-19
Ohio,1992,21.4,15-19
Ohio,1993,20.674999999999997,15-19
Ohio,1994,19.95,15-19
Ohio,1995,19.225,15-19
Ohio,1996,18.5,15-19
Ohio,1997,18.15,15-19
Ohio,1998,17.8,15-19
Ohio,1999,17.450000000000003,15-19
Ohio,2000,17.1,15-19
Ohio,2001,16.5,15-19
Ohio,2002,15.9,15-19
Ohio,2003,15.3,15-19
Ohio,2004,14.7,15-19
Ohio,2005,14.1,15-19
Ohio,2006,13.8,15-19
Ohio,2007,14.0,15-19
Ohio,2008,13.8,15-19
Ohio,2009,12.6,15-19
Ohio,2010,11.7,15-19
Ohio,2011,10.1,15-19
Ohio,2012,9.0,15-19
Ohio,2013,7.8,15-19
Ohio,2014,6.6,15-19
Ohio,2015,5.9,15-19
Ohio,2016,5.3,15-19
Ohio,2017,5.3,15-19
Oklahoma,1988,27.3,15-19
Oklahoma,1989,24.175,15-19
Oklahoma,1990,21.05,15-19
Oklahoma,1991,17.925,15-19
Oklahoma,1992,14.8,15-19
Oklahoma,1993,14.350000000000001,15-19
Oklahoma,1994,13.9,15-19
Oklahoma,1995,13.45,15-19
Oklahoma,1996,13.0,15-19
Oklahoma,1997,12.85,15-19
Oklahoma,1998,12.7,15-19
Oklahoma,1999,12.55,15-19
Oklahoma,2000,12.4,15-19
Oklahoma,2001,11.86,15-19
Oklahoma,2002,11.32,15-19
Oklahoma,2003,10.78,15-19
Oklahoma,2004,10.239999999999998,15-19
Oklahoma,2005,9.7,15-19
Oklahoma,2006,9.2,15-19
Oklahoma,2007,9.5,15-19
Oklahoma,2008,9.3,15-19
Oklahoma,2009,9.1,15-19
Oklahoma,2010,7.7,15-19
Oklahoma,2011,6.6,15-19
Oklahoma,2012,6.7,15-19
Oklahoma,2013,5.7,15-19
Oklahoma,2014,5.4,15-19
Oklahoma,2015,4.2,15-19
Oklahoma,2016,3.4,15-19
Oklahoma,2017,3.8,15-19
Oregon,1988,42.5,15-19
Oregon,1989,39.85,15-19
Oregon,1990,37.2,15-19
Oregon,1991,34.55,15-19
Oregon,1992,31.9,15-19
Oregon,1993,30.525,15-19
Oregon,1994,29.15,15-19
Oregon,1995,27.775,15-19
Oregon,1996,26.4,15-19
Oregon,1997,26.0,15-19
Oregon,1998,25.6,15-19
Oregon,1999,25.2,15-19
Oregon,2000,24.8,15-19
Oregon,2001,23.02,15-19
Oregon,2002,21.240000000000002,15-19
Oregon,2003,19.46,15-19
Oregon,2004,17.68,15-19
Oregon,2005,15.9,15-19
Oregon,2006,16.7,15-19
Oregon,2007,16.8,15-19
Oregon,2008,16.1,15-19
Oregon,2009,14.2,15-19
Oregon,2010,12.0,15-19
Oregon,2011,11.3,15-19
Oregon,2012,9.7,15-19
Oregon,2013,8.6,15-19
Oregon,2014,8.0,15-19
Oregon,2015,7.9,15-19
Oregon,2016,7.4,15-19
Oregon,2017,7.2,15-19
Pennsylvania,1988,33.0,15-19
Pennsylvania,1989,31.525,15-19
Pennsylvania,1990,30.05,15-19
Pennsylvania,1991,28.575000000000003,15-19
Pennsylvania,1992,27.1,15-19
Pennsylvania,1993,25.25,15-19
Pennsylvania,1994,23.4,15-19
Pennsylvania,1995,21.55,15-19
Pennsylvania,1996,19.7,15-19
Pennsylvania,1997,19.1,15-19
Pennsylvania,1998,18.5,15-19
Pennsylvania,1999,17.9,15-19
Pennsylvania,2000,17.3,15-19
Pennsylvania,2001,16.68,15-19
Pennsylvania,2002,16.06,15-19
Pennsylvania,2003,15.44,15-19
Pennsylvania,2004,14.82,15-19
Pennsylvania,2005,14.2,15-19
Pennsylvania,2006,15.0,15-19
Pennsylvania,2007,16.3,15-19
Pennsylvania,2008,17.8,15-19
Pennsylvania,2009,16.4,15-19
Pennsylvania,2010,14.9,15-19
Pennsylvania,2011,12.5,15-19
Pennsylvania,2012,11.0,15-19
Pennsylvania,2013,9.3,15-19
Pennsylvania,2014,8.7,15-19
Pennsylvania,2015,8.1,15-19
Pennsylvania,2016,7.6,15-19
Pennsylvania,2017,7.2,15-19
Rhode Island,1988,35.7,15-19
Rhode Island,1989,35.400000000000006,15-19
Rhode Island,1990,35.1,15-19
Rhode Island,1991,34.8,15-19
Rhode Island,1992,34.5,15-19
Rhode Island,1993,33.525,15-19
Rhode Island,1994,32.55,15-19
Rhode Island,1995,31.575000000000003,15-19
Rhode Island,1996,30.6,15-19
Rhode Island,1997,28.650000000000002,15-19
Rhode Island,1998,26.700000000000003,15-19
Rhode Island,1999,24.75,15-19
Rhode Island,2000,22.8,15-19
Rhode Island,2001,22.26,15-19
Rhode Island,2002,21.720000000000002,15-19
Rhode Island,2003,21.18,15-19
Rhode Island,2004,20.64,15-19
Rhode Island,2005,20.1,15-19
Rhode Island,2006,19.7,15-19
Rhode Island,2007,18.6,15-19
Rhode Island,2008,18.5,15-19
Rhode Island,2009,16.4,15-19
Rhode Island,2010,15.8,15-19
Rhode Island,2011,14.4,15-19
Rhode Island,2012,11.3,15-19
Rhode Island,2013,9.7,15-19
Rhode Island,2014,7.3,15-19
Rhode Island,2015,8.1,15-19
Rhode Island,2016,8.4,15-19
Rhode Island,2017,7.7,15-19
South Carolina,1988,32.6,15-19
South Carolina,1989,30.200000000000003,15-19
South Carolina,1990,27.8,15-19
South Carolina,1991,25.4,15-19
South Carolina,1992,23.0,15-19
South Carolina,1993,21.925,15-19
South Carolina,1994,20.85,15-19
South Carolina,1995,19.775,15-19
South Carolina,1996,18.7,15-19
South Carolina,1997,18.275,15-19
South Carolina,1998,17.85,15-19
South Carolina,1999,17.425,15-19
South Carolina,2000,17.0,15-19
South Carolina,2001,16.74,15-19
South Carolina,2002,16.48,15-19
South Carolina,2003,16.22,15-19
South Carolina,2004,15.959999999999999,15-19
South Carolina,2005,15.7,15-19
South Carolina,2006,15.5,15-19
South Carolina,2007,15.4,15-19
South Carolina,2008,13.9,15-19
South Carolina,2009,14.0,15-19
South Carolina,2010,13.2,15-19
South Carolina,2011,10.8,15-19
South Carolina,2012,9.9,15-19
South Carolina,2013,9.1,15-19
South Carolina,2014,8.1,15-19
South Carolina,2015,7.4,15-19
South Carolina,2016,6.7,15-19
South Carolina,2017,6.9,15-19
South Dakota,1988,15.1,15-19
South Dakota,1989,14.925,15-19
South Dakota,1990,14.75,15-19
South Dakota,1991,14.575,15-19
South Dakota,1992,14.4,15-19
South Dakota,1993,13.65,15-19
South Dakota,1994,12.9,15-19
South Dakota,1995,12.15,15-19
South Dakota,1996,11.4,15-19
South Dakota,1997,10.325,15-19
South Dakota,1998,9.25,15-19
South Dakota,1999,8.175,15-19
South Dakota,2000,7.1,15-19
South Dakota,2001,6.8,15-19
South Dakota,2002,6.5,15-19
South Dakota,2003,6.199999999999999,15-19
South Dakota,2004,5.8999999999999995,15-19
South Dakota,2005,5.6,15-19
South Dakota,2006,5.4,15-19
South Dakota,2007,6.3,15-19
South Dakota,2008,5.5,15-19
South Dakota,2009,5.5,15-19
South Dakota,2010,4.3,15-19
South Dakota,2011,4.8,15-19
South Dakota,2012,3.8,15-19
South Dakota,2013,3.3,15-19
South Dakota,2014,3.3,15-19
South Dakota,2015,2.6,15-19
South Dakota,2016,2.6,15-19
South Dakota,2017,3.3,15-19
Tennessee,1988,30.1,15-19
Tennessee,1989,28.55,15-19
Tennessee,1990,27.0,15-19
Tennessee,1991,25.45,15-19
Tennessee,1992,23.9,15-19
Tennessee,1993,22.275,15-19
Tennessee,1994,20.65,15-19
Tennessee,1995,19.025,15-19
Tennessee,1996,17.4,15-19
Tennessee,1997,16.974999999999998,15-19
Tennessee,1998,16.549999999999997,15-19
Tennessee,1999,16.125,15-19
Tennessee,2000,15.7,15-19
Tennessee,2001,14.94,15-19
Tennessee,2002,14.18,15-19
Tennessee,2003,13.42,15-19
Tennessee,2004,12.66,15-19
Tennessee,2005,11.9,15-19
Tennessee,2006,13.2,15-19
Tennessee,2007,11.6,15-19
Tennessee,2008,11.9,15-19
Tennessee,2009,10.8,15-19
Tennessee,2010,9.4,15-19
Tennessee,2011,8.4,15-19
Tennessee,2012,7.7,15-19
Tennessee,2013,6.8,15-19
Tennessee,2014,6.2,15-19
Tennessee,2015,5.5,15-19
Tennessee,2016,5.0,15-19
Tennessee,2017,4.4,15-19
Texas,1988,30.4,15-19
Texas,1989,29.174999999999997,15-19
Texas,1990,27.95,15-19
Texas,1991,26.725,15-19
Texas,1992,25.5,15-19
Texas,1993,24.725,15-19
Texas,1994,23.95,15-19
Texas,1995,23.174999999999997,15-19
Texas,1996,22.4,15-19
Texas,1997,21.075,15-19
Texas,1998,19.75,15-19
Texas,1999,18.425,15-19
Texas,2000,17.1,15-19
Texas,2001,16.26,15-19
Texas,2002,15.420000000000002,15-19
Texas,2003,14.580000000000002,15-19
Texas,2004,13.74,15-19
Texas,2005,12.9,15-19
Texas,2006,15.2,15-19
Texas,2007,14.6,15-19
Texas,2008,14.5,15-19
Texas,2009,13.6,15-19
Texas,2010,12.0,15-19
Texas,2011,10.5,15-19
Texas,2012,9.1,15-19
Texas,2013,8.0,15-19
Texas,2014,6.0,15-19
Texas,2015,5.5,15-19
Texas,2016,5.2,15-19
Texas,2017,5.2,15-19
Utah,1988,15.5,15-19
Utah,1989,13.85,15-19
Utah,1990,12.2,15-19
Utah,1991,10.55,15-19
Utah,1992,8.9,15-19
Utah,1993,8.5,15-19
Utah,1994,8.1,15-19
Utah,1995,7.7,15-19
Utah,1996,7.3,15-19
Utah,1997,6.925,15-19
Utah,1998,6.55,15-19
Utah,1999,6.175,15-19
Utah,2000,5.8,15-19
Utah,2001,5.76,15-19
Utah,2002,5.72,15-19
Utah,2003,5.68,15-19
Utah,2004,5.64,15-19
Utah,2005,5.6,15-19
Utah,2006,6.0,15-19
Utah,2007,6.2,15-19
Utah,2008,5.8,15-19
Utah,2009,4.9,15-19
Utah,2010,4.1,15-19
Utah,2011,4.1,15-19
Utah,2012,3.7,15-19
Utah,2013,3.5,15-19
Utah,2014,3.2,15-19
Utah,2015,3.1,15-19
Utah,2016,2.8,15-19
Utah,2017,3.1,15-19
Vermont,1988,36.8,15-19
Vermont,1989,34.025,15-19
Vermont,1990,31.25,15-19
Vermont,1991,28.474999999999998,15-19
Vermont,1992,25.7,15-19
Vermont,1993,25.075,15-19
Vermont,1994,24.45,15-19
Vermont,1995,23.825,15-19
Vermont,1996,23.2,15-19
Vermont,1997,20.925,15-19
Vermont,1998,18.65,15-19
Vermont,1999,16.375,15-19
Vermont,2000,14.1,15-19
Vermont,2001,14.36,15-19
Vermont,2002,14.62,15-19
Vermont,2003,14.88,15-19
Vermont,2004,15.14,15-19
Vermont,2005,15.4,15-19
Vermont,2006,13.7,15-19
Vermont,2007,12.8,15-19
Vermont,2008,12.8,15-19
Vermont,2009,10.4,15-19
Vermont,2010,9.4,15-19
Vermont,2011,10.5,15-19
Vermont,2012,8.8,15-19
Vermont,2013,9.5,15-19
Vermont,2014,8.0,15-19
Vermont,2015,6.3,15-19
Vermont,2016,7.1,15-19
Vermont,2017,5.1,15-19
Virginia,1988,44.6,15-19
Virginia,1989,42.2,15-19
Virginia,1990,39.8,15-19
Virginia,1991,37.4,15-19
Virginia,1992,35.0,15-19
Virginia,1993,33.65,15-19
Virginia,1994,32.3,15-19
Virginia,1995,30.950000000000003,15-19
Virginia,1996,29.6,15-19
Virginia,1997,27.375,15-19
Virginia,1998,25.15,15-19
Virginia,1999,22.925,15-19
Virginia,2000,20.7,15-19
Virginia,2001,20.08,15-19
Virginia,2002,19.46,15-19
Virginia,2003,18.84,15-19
Virginia,2004,18.220000000000002,15-19
Virginia,2005,17.6,15-19
Virginia,2006,16.9,15-19
Virginia,2007,16.9,15-19
Virginia,2008,15.4,15-19
Virginia,2009,14.8,15-19
Virginia,2010,13.9,15-19
Virginia,2011,12.4,15-19
Virginia,2012,11.2,15-19
Virginia,2013,10.6,15-19
Virginia,2014,7.6,15-19
Virginia,2015,7.4,15-19
Virginia,2016,6.7,15-19
Virginia,2017,5.9,15-19
Washington,1988,45.7,15-19
Washington,1989,44.75,15-19
Washington,1990,43.8,15-19
Washington,1991,42.85,15-19
Washington,1992,41.9,15-19
Washington,1993,38.65,15-19
Washington,1994,35.4,15-19
Washington,1995,32.15,15-19
Washington,1996,28.9,15-19
Washington,1997,28.125,15-19
Washington,1998,27.35,15-19
Washington,1999,26.575,15-19
Washington,2000,25.8,15-19
Washington,2001,24.62,15-19
Washington,2002,23.44,15-19
Washington,2003,22.259999999999998,15-19
Washington,2004,21.08,15-19
Washington,2005,19.9,15-19
Washington,2006,19.9,15-19
Washington,2007,20.6,15-19
Washington,2008,19.4,15-19
Washington,2009,17.7,15-19
Washington,2010,15.9,15-19
Washington,2011,14.8,15-19
Washington,2012,12.9,15-19
Washington,2013,11.2,15-19
Washington,2014,10.0,15-19
Washington,2015,9.5,15-19
Washington,2016,8.7,15-19
Washington,2017,8.1,15-19
West Virginia,1988,16.8,15-19
West Virginia,1989,16.65,15-19
West Virginia,1990,16.5,15-19
West Virginia,1991,16.35,15-19
West Virginia,1992,16.2,15-19
West Virginia,1993,15.274999999999999,15-19
West Virginia,1994,14.35,15-19
West Virginia,1995,13.425,15-19
West Virginia,1996,12.5,15-19
West Virginia,1997,11.775,15-19
West Virginia,1998,11.05,15-19
West Virginia,1999,10.325,15-19
West Virginia,2000,9.6,15-19
West Virginia,2001,9.36,15-19
West Virginia,2002,9.12,15-19
West Virginia,2003,8.88,15-19
West Virginia,2004,8.64,15-19
West Virginia,2005,8.4,15-19
West Virginia,2006,7.5,15-19
West Virginia,2007,8.5,15-19
West Virginia,2008,7.7,15-19
West Virginia,2009,8.9,15-19
West Virginia,2010,9.3,15-19
West Virginia,2011,9.6,15-19
West Virginia,2012,6.3,15-19
West Virginia,2013,5.1,15-19
West Virginia,2014,5.1,15-19
West Virginia,2015,4.3,15-19
West Virginia,2016,4.6,15-19
West Virginia,2017,4.1,15-19
Wisconsin,1988,28.3,15-19
Wisconsin,1989,26.375,15-19
Wisconsin,1990,24.450000000000003,15-19
Wisconsin,1991,22.525000000000002,15-19
Wisconsin,1992,20.6,15-19
Wisconsin,1993,19.375,15-19
Wisconsin,1994,18.15,15-19
Wisconsin,1995,16.925,15-19
Wisconsin,1996,15.7,15-19
Wisconsin,1997,14.774999999999999,15-19
Wisconsin,1998,13.85,15-19
Wisconsin,1999,12.925,15-19
Wisconsin,2000,12.0,15-19
Wisconsin,2001,11.48,15-19
Wisconsin,2002,10.96,15-19
Wisconsin,2003,10.440000000000001,15-19
Wisconsin,2004,9.92,15-19
Wisconsin,2005,9.4,15-19
Wisconsin,2006,8.9,15-19
Wisconsin,2007,8.2,15-19
Wisconsin,2008,8.1,15-19
Wisconsin,2009,7.6,15-19
Wisconsin,2010,6.9,15-19
Wisconsin,2011,5.7,15-19
Wisconsin,2012,5.1,15-19
Wisconsin,2013,4.5,15-19
Wisconsin,2014,4.5,15-19
Wisconsin,2015,4.5,15-19
Wisconsin,2016,4.0,15-19
Wisconsin,2017,3.9,15-19
Wyoming,1988,23.2,15-19
Wyoming,1989,22.25,15-19
Wyoming,1990,21.299999999999997,15-19
Wyoming,1991,20.349999999999998,15-19
Wyoming,1992,19.4,15-19
Wyoming,1993,18.924999999999997,15-19
Wyoming,1994,18.45,15-19
Wyoming,1995,17.975,15-19
Wyoming,1996,17.5,15-19
Wyoming,1997,19.6,15-19
Wyoming,1998,21.7,15-19
Wyoming,1999,23.799999999999997,15-19
Wyoming,2000,25.9,15-19
Wyoming,2001,23.06,15-19
Wyoming,2002,20.22,15-19
Wyoming,2003,17.38,15-19
Wyoming,2004,14.54,15-19
Wyoming,2005,11.7,15-19
Wyoming,2006,11.3,15-19
Wyoming,2007,11.3,15-19
Wyoming,2008,9.9,15-19
Wyoming,2009,8.9,15-19
Wyoming,2010,8.0,15-19
Wyoming,2011,8.9,15-19
Wyoming,2012,7.1,15-19
Wyoming,2013,5.5,15-19
Wyoming,2014,5.6,15-19
Wyoming,2015,5.0,15-19
Wyoming,2016,4.5,15-19
Wyoming,2017,4.6,15-19
