ID,State / Jurisdiction,Sav #,Policy Title,,Session,From Organization,First Action Date,Last Action Date,Enacted Year,Topic Model,Source
1,Alabama,1b,Amends Alabama Code Title 16. Education § 16-40A-2 (the text is what has been removed),HB385/SB196,2021rs,House,2021-02-10,2021-04-28,,5,https://s3.amazonaws.com/fn-document-service/file-by-sha384/08308a0f708c1935c994b50b67dada2cf40bb990dd3a37c274995b441e3d8235ac2a5280a493aa092e83c87dd4fc82ee
2,Alabama,1a,Alabama Code Title 16. Education § 16-40A-2 (earlier version of 1),,,,,,1975,5,https://codes.findlaw.com/al/title-16-education/al-code-sect-16-40a-2.html
3,Alaska,1,LAWS OF ALASKA,,29,House,2015-03-20,2016-05-05,,2,http://www.legis.state.ak.us/PDF/29/Bills/HB0156Z.PDF
4,Alaska,2,An Act renaming portions of the Alaska Safe Children's Act as Bree's Law; relating to the practice of marital and family therapy; relating to persons required to report child abuse and neglect; relating to training in crisis response; relating to civil immunity for disclosure of substantiated allegations of sexual abuse of a minor or sexual misconduct against a school district employee; and providing for an effective date.,,30,House,2/2/18,2/2/18,,2,https://education.alaska.gov/schoolhealth/safechildact
6,Alaska,3,Alaska Statutes 2020 AS 14.30.352,,32,,,,,2,http://www.akleg.gov/basis/statutes.asp#14.30.360
7,Arkansas,1,Arkansas Code Title 6. Education § 6-18-703. School-based health clinics,,,,,2017,,5,https://codes.findlaw.com/ar/title-6-education/ar-code-sect-6-18-703.html
8,Arkansas,2,Arkansas Code Title 6. Education § 6-16-1004. Dating violence awareness,,,,,2015,,2,https://codes.findlaw.com/ar/title-6-education/ar-code-sect-6-16-1004.html
9,Arkansas,3,"TO REQUIRE A PUBLIC SCHOOL TO PROVIDE TO PARENTS AND LEGAL GUARDIANS PRIOR WRITTEN NOTIFICATION OF AND AN OPPORTUNITY TO INSPECT MATERIALS RELATED TO SEX EDUCATION, SEXUAL ORIENTATION, AND GENDER IDENTITY. / Arkansas Code Title 6, Chapter 16, Subchapter 10, is 29 amended to add an additional section",SB 389,2021,Senate,2021-02-24T19:25:53+00:00,2021-04-01T15:58:25+00:00,,8,https://s3.amazonaws.com/fn-document-service/file-by-sha384/7a6b11a60eea9ced7730cc7a025514a47a901c22073bd63af10afbe77727dba2bd08ac37407a0829b8e064057b13fa1e
10,Arizona,1,Arizona Revised Statutes Title 15. Education § 15-711. Sex education instruction; minimum grade; parental review of curricula; sexual conduct with a minor; review and approval of course of study; public hearings and input / Arizona Revised Statutes Title 15. Education § 15-102. Parental involvement in the school;  definition,HOUSE BILL 2035,55th-1st-regular,House,2021-01-06,2021-11-24,,8,https://www.azleg.gov/legtext/55leg/1R/bills/HB2035S.htm
11,Arizona,2,Arizona Revised Statutes Title 15. Education § 15-716. Instruction on acquired immune deficiency syndrome; department assistance,SENATE BILL 1346,54th-1st-regular,Senate,2019-02-01,2020-04-24,,10,https://www.azleg.gov/legtext/54leg/1R/laws/0086.htm
11a,,1a,What the bill above removed,,,,,,,9,
12,Arizona,3,Arizona Administrative Code R7-2-303 ,,,,,,,5,
13,California,1,California Healthy Youth Act / Pupil instruction: sexual health education.,,2015-2016 Regular Session,Assembly,2/13/15,10/1/15,,3,https://leginfo.legislature.ca.gov/faces/billPdf.xhtml?bill_id=201520160AB329&version=20150AB32993CHP
14,California,2,Pupil instruction: sexual health education: charter schools.,,2017-2018 Regular Session,Assembly,"Feb 15, 2018","Sep 18, 2018",,1,https://leginfo.legislature.ca.gov/faces/billPdf.xhtml?bill_id=201720180AB2601&version=20170AB260196CHP
15,California,3,Budget Act of 2021.,,20212022,Senate,1/8/21,9/23/21,,1,http://leginfo.legislature.ca.gov/faces/billNavClient.xhtml?bill_id=202120220SB170
16,California,4,Pupil instruction: human trafficking: use of social media and mobile device applications.,,20172018,Assembly,1/10/18,9/27/18,,3,http://leginfo.legislature.ca.gov/faces/billNavClient.xhtml?bill_id=201720180AB1861
17,California,5,Pupil instruction: sexual health education: sexually suggestive or sexually explicit materials.,,20172018,Assembly,1/12/18,9/17/18,,3,https://leginfo.legislature.ca.gov/faces/billTextClient.xhtml?bill_id=201720180AB1868
18,California,6,Health Education Framework,,,,2019,2020,,3,https://www.cde.ca.gov/ci/he/cf/
19,California,7,California Education Code § 51930-51939 / California Healthy Youth Act,,,,,2018,,3,https://leginfo.legislature.ca.gov/faces/codes_displaySection.xhtml?sectionNum=51933.&lawCode=EDC
20,Colorado,1b,Comprehensive Human Sexuality Education,,2019A,House,2019-01-04,2019-05-31,,1,https://s3.amazonaws.com/fn-document-service/file-by-sha384/8f89311d2bb4e2dd1a271210f10a070a42257892656e0e114213918824dd8da7a6bf6f9df6bc5e0da0d0607113948bb8
21,Colorado,1a,Comprehensive Human Sexuality K-12 Education,,2013 Regular Session,House,"Jan 16, 2013","May 28, 2013",,1,http://www.leg.state.co.us/clics/clics2013a/csl.nsf/fsbillcont/1B0EC2643B4EFFB787257AEE0054AB45?Open&file=1081_enr.pdf
22,Connecticut,1,Connecticut General Statutes §§ 164-10-16(b)–(f),,,,,,,9,https://www.cga.ct.gov/current/pub/chap_164.htm#sec_10-16b
23,Delaware,1b,AN ACT TO AMEND TITLE 14 OF THE DELAWARE CODE RELATING TO CONSENT EDUCATION.,,150,Senate,4/18/19,9/10/19,,1,https://legis.delaware.gov/json/BillDetail/GenerateHtmlDocument?legislationId=47387&legislationTypeId=1&docTypeId=2&legislationName=SB78
24,Delaware,1a,"Delaware Administrative Code title 14, § 851 ",,,,,,,7,https://regulations.delaware.gov/AdminCode/title14/800/851.pdf
25,Florida,1c,Florida Statute 48-1003.42,,,,,,,2,http://www.leg.state.fl.us/Statutes/index.cfm?App_mode=Display_Statute&Search_String=&URL=1000-1099/1003/Sections/1003.42.html%20
25a,Florida,1a,Required Health Education Instruction / what was added to above statute,HB 519,2021,House,1/28/21,6/14/21,,4,https://s3.amazonaws.com/fn-document-service/file-by-sha384/37fcf7b65ae98d5f3cc05bb3c03e65e5a5570cb5ff14a148393638f8b399ae773f25a321e29f7afe28d45b85a5dc7c78
25b,,1b,What the bill above removed,,,,,,,7,
26,Florida,2,Florida Statute 48-1003.46 ,,,,,,,5,http://www.leg.state.fl.us/Statutes/index.cfm?App_mode=Display_Statute&Search_String=&URL=1000-1099/1003/Sections/1003.46.html
150,Florida,3,Parents' Bill of Rights,HB 241,2021,House,1/13/21,7/6/21,,8,https://s3.amazonaws.com/fn-document-service/file-by-sha384/4dbd96ee1d8bc458096e5839b3d6acfbdbad6de4d82fa5a642a5bfaeac9f9e46ff5402c56293efd34dae4c97f7faf4e6
27,Georgia,1,Georgia Code Annotated §§ 20-2-143 / Individual Graduation Plans; guidance in career oriented aptitudes and career interests; provide,,2017_18,Senate,2/7/18,7/1/18,,5,legis.ga.gov/api/legislation/document/20172018/178964
28,Georgia,2,Georgia Board of Education Rule 160-4-2-.12,,,,,,,5,https://www.gadoe.org/External-Affairs-and-Policy/State-Board-of-Education/SBOE%20Rules/160-4-2-.12.pdf
29,Hawaii,1,POLICY 103.5 Hawaii’s Board of Education policy,,,,,"June 16, 2015",,8,https://www.hawaiipublicschools.org/DOE%20Forms/Health%20and%20Nutrition/BOE103_5_061615.pdf
30,Hawaii,2,POLICY 103.8 Hawaii’s Board of Education policy / PROPHYLACTICS IN THE PUBLIC SCHOOLS,,,,,06/07/2016,,9,https://boe.hawaii.gov/policies/Board%20Policies/Prophylactics%20in%20the%20Public%20Schools.pdf
31,Illinois,1,Public Act 102-0522,,102nd,Senate,2/25/21,8/20/21,,1,https://ilga.gov/legislation/publicacts/fulltext.asp?name=102-0522&GA=102&SessionId=110&DocTypeId=SB&DocNum=818&GAID=16&SpecSess=&Session=&print=true
32,Illinois,2,SCH CD-SEX EDUCATION-CONSENT / Public Act 101-0579,,101st,House,2/15/19,8/26/19,,5,https://s3.amazonaws.com/fn-document-service/file-by-sha384/3c1e217f89e317082200118eb69d7736723c438c8f1165d757b93fea86c2d947db03d04cc61dba8dd6b8a33a045f28ce
33,Illinois,3,(105 ILCS 110/) Critical Health Problems and Comprehensive Health Education Act,,,,,,,10,https://www.ilga.gov/legislation/ilcs/ilcs3.asp?ActID=1015&ChapterID=17
34,Illinois,4,Sch Cd-Parenting Education / Public Act 100-1043,,100th Regular Session,House,"Apr 24, 2018","Aug 23, 2018",,7,https://ilga.gov/legislation/fulltext.asp?DocName=10000HB4442enr&GA=100&SessionId=91&DocTypeId=HB&LegID=109268&DocNum=4442&GAID=14&Session=&print=true
35,Illinois,5,SCH CD-SEX ED-SEXUAL CONSENT / Public Act 100-0684,,100th,House,2/15/18,8/3/18,,5,https://ilga.gov/legislation/fulltext.asp?DocName=10000HB5148&GA=100&SessionId=91&DocTypeId=HB&LegID=110770&DocNum=5148&GAID=14&Session=&print=true
36,Illinois,6,Public Act 098-0441,,98th General Assembly,House,,8/16/2013,,4,https://www.ilga.gov/legislation/publicacts/fulltext.asp?Name=098-0441
37,Indiana,1,A BILL FOR AN ACT to amend the Indiana Code concerning education. / opt-in policy / Public Law 154,,2018,Senate,1/3/18,3/21/18,,8,http://in-proxy.openstates.org/2018/bills/sb0065/versions/sb0065.05.enrh
38,Indiana,2b,Indiana Code Title 20. Education § 20-30-5-12,,,,,,2021,10,https://codes.findlaw.com/in/title-20-education/in-code-sect-20-30-5-12.html
39,Indiana,2a,Indiana Code Title 20. Education § 20-34-3-17,,,,,,2021,10,https://codes.findlaw.com/in/title-20-education/in-code-sect-20-34-3-17.html
40,Indiana,2c,Indiana Code Title 20. Education § 20-30-5-13,,,,,,2021,5,https://codes.findlaw.com/in/title-20-education/in-code-sect-20-30-5-13.html
41,Iowa,1,Iowa Code 256.11,,,,,,2023,1,https://www.legis.iowa.gov/docs/code/256.11.pdf
42,Iowa,2,Iowa Code §§ 279.50,,,,,,,1,https://www.legis.iowa.gov/DOCS/ACO/IC/LINC/Section.279.50.pdf
43,Idaho,1,Idaho Statute §33-1608,,,,,1970,,9,https://legislature.idaho.gov/statutesrules/idstat/title33/t33ch16/sect33-1608/
44,Kansas,1,Kansas Administrative Regulations (§ 91-31-32),,,,,,,10,https://casetext.com/regulation/kansas-administrative-code/agency-91-kansas-state-department-of-education/article-31-accreditation/section-91-31-32-kansas-education-systems-accreditation
45,Kentucky,1,AN ACT relating to health education. Create a new section of KRS Chapter 158 to require inclusion of abstinence education in any human sexuality or sexually transmitted diseases curriculum.,,2018RS,Senate,1/8/18,4/13/18,,5,https://apps.legislature.ky.gov/recorddocuments/bill/18RS/sb71/bill.pdf
46,Louisiana,1,Louisiana Revised Statute §§17:281,,,,,,,5,https://legis.la.gov/Legis/Law.aspx?d=80423
47,Louisiana,2,SCHOOLS: Requires school governing authorities to provide parents with certain information relative to the health risks associated with pornography. (8/1/18) (EN SEE FISC NOTE LF EX See Note) / ACT No. 369 / To amend and reenact R.S. 17:100.7,,2018,Senate,3/1/18,5/16/18,,9,http://www.legis.la.gov/legis/ViewDocument.aspx?d=1101121
48,Louisiana,3,Louisiana Revised Statutes Annotated §§ 17:263 Adoption awareness; required instruction,,,,,,,4,https://legis.la.gov/Legis/Law.aspx?d=80386
49,Louisiana,4,Louisiana Revised Statute §§17:279 Parenthood education; required course,,,,,,,9,https://legis.la.gov/Legis/Law.aspx?d=80412
50,Massachusetts,1,"General Law of Massachusetts, Chapter 71 §§38O ",,,,,,,1,https://malegislature.gov/Laws/GeneralLaws/PartI/TitleXII/Chapter71/Section38O
151,Massachusetts,2,latest iteration of the Healthy Youth Act,SENATE No. 2541,(2021-2022),Senate,,"September 23, 2021",,1,https://s3.amazonaws.com/fn-document-service/file-by-sha384/9992ab473efb1c0dd4524a11f9b30279f01dce504566da8c960672538c5046f743cce80162e5e050dd796b3c3f843965
51,Maryland,1,Education - Family Life and Human Sexuality Curriculum - Boundaries and Consent / Education Code § 7-445,,2018,House,1/19/18,5/15/18,,9,https://mgaleg.maryland.gov/2018RS/bills/hb/hb0251f.pdf
52,Maryland,2,Education – Sexual Abuse and Assault Awareness and Prevention Program – Development and Implementation,,,House,,"May 19, 2016",,2,https://mgaleg.maryland.gov/2016RS/Chapters_noln/CH_609_hb0072t.pdf
53,Maryland,3,Md. Code Regs. 13A.04.18.01,,,,,,,9,http://www.dsd.state.md.us/comar/comarhtml/13a/13a.04.18.01.htm
54,Maine,1,"An Act To Require Education in Public Preschool Programs and Elementary Schools Regarding Child Sexual Abuse / Legislative Directive 1180,",,Session - 127th Maine Legislature,,,2017,,4,https://mainelegislature.org/legis/bills/bills_127th/chapters/PUBLIC292.asp
55,Maine,2,An Act Regarding Secondary School Education Concerning Sexual Activity and Sexual Assault / Legislative Directive 773,,,,,"June 5, 2019",,1,https://s3.amazonaws.com/fn-document-service/file-by-sha384/8a090a49e2410a0ce01104e7cd953bad2accf06ccb941a513f1b64643da007e7301fc755578cd5faa310307111d3039b
56,Maine,3,"Maine Revised Statutes Annotated Title 22, §§ 1902 Definitions",,,,,,,9,http://www.mainelegislature.org/legis/statutes/22/title22sec1902.html
57,Maine,4,"Maine Revised Statutes Annotated Title 22, §§ 1910 Comprehensive family life education services",,,,,,,9,http://www.mainelegislature.org/legis/statutes/22/title22sec1910.html
58,Michigan,1,Michigan Compiled Laws §§ 380.1169 Dangerous communicable diseases; human immunodeficiency virus infection and acquired immunodeficiency virus infection; teacher training; teaching materials; curricula; teaching of abstinence from sex.,,,,,"1976, Act 451, Imd. Eff. Jan. 13, 1976",,10,http://www.legislature.mi.gov/(S(jxlmfrmzubrrw5t5szlm4uqd))/mileg.aspx?page=getObject&objectName=mcl-380-1169
59,Michigan,2,Michigan Compiled Laws §§ 380.1170 Physiology and hygiene; instruction; development of comprehensive health education programs; conflict with religious beliefs.,,,,,"1976, Act 451, Imd. Eff. Jan. 13, 1977",,8,http://www.legislature.mi.gov/(S(zmw2wem5g4oezqdhmjqle2c2))/mileg.aspx?page=getObject&objectName=mcl-380-1170
60,Michigan,3,Michigan Compiled Laws §§ 380.1506 Program of instruction in reproductive health; supervision; request to excuse pupil from attendance; “reproductive health” defined.,,,,,"1976, Act 451, Imd. Eff. Jan. 13, 1977",,8,http://www.legislature.mi.gov/(S(kkahys4qsgi55gzh05vt1dma))/mileg.aspx?page=getObject&objectName=mcl-380-1506
61,Michigan,4,"Michigan Compiled Laws §§ 380.1507 Instruction in sex education; instructors, facilities, and equipment; stressing abstinence from sex; elective class; notice to parent or guardian; request to excuse pupil from attendance; qualifications of teacher; sex education advisory board; public hearing; distribution of family planning drug or device prohibited; “family planning,”“class,” and “course” defined.",,,,,"1976, Act 451, Imd. Eff. Jan. 13, 1977",,8,http://www.legislature.mi.gov/(S(1lhutnbot4avn5lhgoic0wkj))/mileg.aspx?page=getObject&objectName=mcl-380-1507
62,Michigan,5,Michigan Compiled Laws §§ 380.1766 Disciplinary policy for referral of pupil for abortion or assisting pupil in obtaining abortion.,,,,,"Add. 1987, Act 128, Eff. Oct. 1, 1987",,8,"http://www.legislature.mi.gov/(S(hl5xe0sxb5sym1fvsvzalh5i))/mileg.aspx?page=getObject&objectName=mcl-388-1766#:~:text=The%20governing%20board%20of%20a,is%20not%20the%20parent%20or"
63,Michigan,6,Michigan Compiled Laws §§ 380.1766a Instruction in reproductive health or other sex education; requirements; complaint process.,,,,,"Add. 1993, Act 175, Eff. Oct. 1, 1993",,8,http://www.legislature.mi.gov/(S(hzg4amgs5ptss3za0ydvhytt))/mileg.aspx?page=getObject&objectName=mcl-388-1766a
64,Minnesota,1,Minnesota Statutes §§ 120B.20 PARENTAL CURRICULUM REVIEW,,,,,,,8,https://www.revisor.mn.gov/statutes/cite/120B.20
65,Minnesota,2,Minnesota Statutes §§ 121A.23 PROGRAMS TO PREVENT AND REDUCE THE RISKS OF SEXUALLY TRANSMITTED INFECTIONS AND DISEASES.,,,,,,,5,https://www.revisor.mn.gov/statutes/cite/121A.23
66,Missouri,1c,"To repeal section 170.015, RSMo, and to enact in lieu thereof one new section relating to course materials relating to human sexuality.",,98TH GENERAL ASSEMBLY,House,,8/28/2015,,6,https://www.house.mo.gov/billtracking/bills151/billpdf/truly/HB0501T.PDF
67,Missouri,1b,include instruction on consent and sexual violence,,99TH GENERAL ASSEMBLY,House,,8/28/2018,,1,https://house.mo.gov/billtracking/bills181/hlrbillspdf/5095S.06T.pdf
68,Missouri,1a,"170.015 (before two amendments above).  Human sexuality and sexually transmitted diseases, instruction in, requirements — policies, school boards' duties — certain course materials on human sexuality prohibited, when",,,,,8/28/2007,,5,https://revisor.mo.gov/main/OneSection.aspx?section=170.015&bid=50510
69,Mississippi,1,§ 37-13-171. Abstinence education; components; exception to requirement; parent programs.,,,,,1972,,5,https://law.justia.com/codes/mississippi/2010/title-37/13/37-13-171
70,Montana,1,Establish parameters for K-12 human sexuality education,,2021,Senate,8/26/20,4/30/21,,8,https://s3.amazonaws.com/fn-document-service/file-by-sha384/c637aa1bdc0a21285941e581907f6b29b7f092c89e35f5d6ded8ae4cd6eef7ea208eb13fd1af0cadfa2651f90fbfaa44
71,North Carolina,1,General Statutes § 115C-81.25 Health Education,,,,,,,10,https://www.ncleg.net/EnactedLegislation/Statutes/PDF/BySection/Chapter_115C/GS_115C-81.25.pdf
72,North Carolina,2,115C-81.30 Reproductive health and safety education provided by local school ,,,,,,,5,https://www.ncleg.net/EnactedLegislation/Statutes/PDF/BySection/Chapter_115C/GS_115C-81.30.pdf
73,North Dakota,1,North Dakota Century Code 15.1-21-24. Health curriculum - Content.,,,,,"July 1, 2012",,5,https://www.ndlegis.gov/cencode/t15-1c21.pdf?20150906164416
74,North Dakota,2,A BILL to provide for a task force on prevention of sexual abuse of children; and to provide for a report to the legislative management and the governor.,,66,House,1/3/19,4/19/19,,1,https://s3.amazonaws.com/fn-document-service/file-by-sha384/24f34e2b9480e1840cc6ea101438aa4cea0351165b1ce4f0ed32806ea8fd498c2d03ae373b50fb1fc00f906d9b8c02fb
75,Nebraska,1,"Nebraska law, Revised Statutes Chapter 79 Section 712, does not require sex education, nor does it limit or prescribe what can be taught in such classes or recommend a specific curriculum",,,,,,,8,
76,New Hampshire,1,relative to school district policies regarding objectionable course material.,,2017,House,12/21/16,4/17/17,,10,https://legiscan.com/NH/text/HB103/id/1441820
77,New Hampshire,2,Revised Statutes §§ 186:11,,,,,,,10,http://www.gencourt.state.nh.us/rsa/html/XV/186/186-11.htm
78,New Hampshire,3,Revised Statutes §§ 186:10,,,,,,,6,http://www.gencourt.state.nh.us/rsa/html/XV/189/189-10.htm
79,New Jersey,1,"P.L.2018, c.80",,218th LEGISLATURE,,"February 8, 2018",,,6,https://pub.njleg.gov/bills/2018/A2500/2189_R1.PDF
80,New Jersey,2,C.18A:35-4.37  Finding and declaration relative to sexual assault.,,,,,"January 31, 2019",,6,https://pub.njleg.gov/bills/2018/PL19/16_.HTM
81,New Jersey,3,C.18A:35-4.40  Information about “New Jersey Safe Haven Infant Protection Act” included in public school curriculum.,,,,,"August 23, 2019",,6,https://pub.njleg.gov/bills/2018/PL19/250_.HTM
82,New Jersey,4,C.18A:35-4.5a  Sexual abuse and assault awareness and prevention education.,,,,,"July 19, 2019",,6,https://pub.njleg.gov/bills/2018/PL19/185_.HTM
83,New Jersey,5,C.18A:35-4.33  Information provided to students,,,,,"August 10, 2018",,6,https://pub.njleg.gov/bills/2018/PL18/80_.HTM
84,New Mexico,1,New Mexico Statutes Chapter 22 - Public Schools Article 13 - Courses of Instruction and School Programs Section 22-13-1.1 - Graduation requirements,,,,,,Available 2009 implemented 2012,1,https://law.justia.com/codes/new-mexico/2017/chapter-22/article-13/section-22-13-1.1/
85,New Mexico,2,New Mexico Administrative Codes §§ 6.12.2.10,,,,,,,10,https://webnew.ped.state.nm.us/wp-content/uploads/2017/12/SHSB_NMAC6-12-2-10_HIV.Rule_.pdf
86,New Mexico,3,New Mexico Administrative Codes §§ 6.29.6.8,,,,,,,7,nasbe
87,Nevada,1,Nevada Revised Statutes § 389.036,,,,,,,10,https://www.leg.state.nv.us/NRS/NRS-389.html#NRS389Sec036
88,New York,1,Regulations of the Commissioner of Education 135.3 Health education,,,,,,,10,https://govt.westlaw.com/nycrr/Document/I365bb7cec22211ddb29d8bee567fca9f?viewType=FullText&originationContext=documenttoc&transitionType=CategoryPageItem&contextData=%28sc.Default%29&bhcp=1
89,Ohio,1c,Creates appropriations for FY 2022-2023. Amends Section 3313.6011 | Instruction in venereal disease education emphasizing abstinence.,,134,House,2/16/21,11/1/21,,8,https://s3.amazonaws.com/fn-document-service/file-by-sha384/12b80cfdbdc5329049bdb9fe57ad9c600336174e07653864b0366601771b00a5da021b51605430ad15de078a0bad7388
90,Ohio,1b,Ohio Revised Code Section 3313.60 | Prescribed curriculum,,130th General Assembly,House,,"September 29, 2013",,8,https://codes.ohio.gov/ohio-revised-code/section-3313.60
91,Ohio,1a,Section 3313.6011 | Instruction in venereal disease education emphasizing abstinence.,,,,,"April 7, 2009",,5,https://codes.ohio.gov/ohio-revised-code/section-3313.6011/4-7-2009
92,Oklahoma,1,Amends Oklahoma Statute 70-11-105.1 Schools; requiring that certain curriculum and materials include certain information on consent. Effective date. Emergency. ,,2020,Senate,2/4/19,4/23/19,,1,http://webserver1.lsb.state.ok.us/cf_pdf/2019-20%20INT/SB/SB926%20INT.PDF
93,Oklahoma,2,Oklahoma Statute 70-11-103.3 AIDS Prevention Education,,,,,"July 1, 1987",,10,https://www.oscn.net/applications/oscn/DeliverDocument.asp?CiteID=90134
94,Oklahoma,3,Oklahoma Statute 70-11-105.1,,,,,"November 1, 1995",,8,https://www.oscn.net/applications/oscn/DeliverDocument.asp?citeid=485531
95,Oregon,1,Relating to a child sexual abuse prevention instructional program in public schools; and declaring an emergency,,78th OREGON LEGISLATIVE ASSEMBLY--2015 Regular Session,Senate,,"June 3, 2015",,4,https://olis.oregonlegislature.gov/liz/2015R1/Downloads/MeasureDocument/SB856/Enrolled
96,Oregon,2,"Relating to teen dating violence; creating new provisions; and amending ORS 147.450, 147.453, 409.290 and 409.292",,76th OREGON LEGISLATIVE ASSEMBLY--2012 Regular Session,House,,"March 1, 2012",,2,http://olis.oregonlegislature.gov/liz/2012R1/Downloads/MeasureDocument/HB4077/Enrolled
97,Oregon,3,Oregon Revised Statutes §§ 336.035 courses concerning sexually transmitted infections,,,,,,,8,https://oregon.public.law/statutes/ors_336.035
98,Oregon,4,Oregon Revised Statutes §§ 336.455 Human sexuality education courses,,,,,,,5,https://oregon.public.law/statutes/ors_336.455
99,Oregon,5,Oregon Revised Statutes §§ ORS 336.465 Examination of instructional material,,,,,,,8,https://oregon.public.law/statutes/ors_336.465
100,Oregon,6,Oregon Administrative Rule 581-022-2050 Human Sexuality Education,,,,,,,1,https://secure.sos.state.or.us/oard/viewSingleRule.action;JSESSIONID_OARD=FogV7esUAjwnJGAn8ZZfIL6HGHyzyXXhHAyIl5caOBjuUwpwM9vs!2024649768?ruleVrsnRsn=145221
101,Pennsylvania,1,Schools in Pennsylvania are not required to teach sex education. Pennsylvania Constitutional Statutes Title 22 § 4.29 HIV/AIDS and other life-threatening and communicable diseases.,,,,,,,10,http://www.pacodeandbulletin.gov/Display/pacode?file=/secure/pacode/data/022/chapter4/s4.29.html&searchunitkeywords=22%2C4.29&origQuery=22%20%C2%A7%204.29&operator=OR&title=null
102,Rhode Island,1,"AN ACT RELATING TO EDUCATION -- HEALTH AND SAFETY OF PUPILS (Amends definition of dating violence to include abusive, coercive behaviors used to exert control and power and provides that abuse may be physical, verbal, emotional, sexual, financial, or psychological and includes threats, isolation, and intimidation.)",,2021,House,6/24/21,7/9/21,,2,https://s3.amazonaws.com/fn-document-service/file-by-sha384/6545e057e82b203dec21d7323d144ade72c07600ec68939f20f049ec6ff9c0f7d9b62ddf952e37bb51f70ac919bebf88
103,Rhode Island,2,AN ACT RELATING TO EDUCATION -- CURRICULUM (Permits that age-appropriate and developmentally appropriate education on consent and sexual activity be increased in secondary schools as part of a family life course.),TN Code § 49-6-1302 Family Life Curriculum,2018,House,1/3/18,7/2/18,,4,http://webserver.rilin.state.ri.us/billtext18/housetext18/h7044.htm
104,Rhode Island,3,R.I. Gen. Laws § 16-22-17 AIDS education program,,,,,,2022,8,http://webserver.rilin.state.ri.us/Statutes/TITLE16/16-22/16-22-17.HTM
105,Rhode Island,4,R.I. Gen. Laws §  16-21-30. Health and family life courses before HB 7044 amendment,,,,,,2019,8,"https://law.justia.com/codes/rhode-island/2019/title-16/chapter-16-22/section-16-22-18/#:~:text=%C2%A7%2016%2D22%2D18.&text=Such%20age%2Dappropriate%20and%20developmentally,is%20required%20before%20sexual%20activity."
106,Rhode Island,5,R.I. Gen. Laws § 16-22-18. Health and family life courses before HB 6469 amendment,,,,,,2017,2,https://law.justia.com/codes/rhode-island/2017/title-16/chapter-16-21/section-16-21-30/
107,South Carolina,1c,declared S.C. Code § 59-32-30(A)(5) unconstitutional (what was removed),,2020,U.S. District Court for South Carolina,,2020,,5,https://www.scstatehouse.gov/code/t59c032.php
108,South Carolina,1b,SECTION 59-32-30. Local school boards to implement comprehensive health education program; guidelines and restrictions,,,,,,,9,https://www.scstatehouse.gov/code/t59c032.php
109,South Carolina,1a,South Carolina Code Annotated §§ 59-32-10,,,,,,,9,https://www.scstatehouse.gov/code/t59c032.php
110,South Carolina,2,SC Code § 59-32-50 Notice to parents; right to have child exempted from comprehensive health education program classes.,,,,,,,8,https://law.justia.com/codes/south-carolina/2013/title-59/chapter-32/section-59-32-50/
111,South Dakota,1,13-33-6.1. Character development instruction. (not sex education),,,,,,,7,https://sdlegislature.gov/Statutes/Codified_Laws/2042175
112,Tennessee,1,"AN ACT to amend Tennessee Code Annotated, Title 49, Chapter 6, relative to family life instruction. / Gateway Law",,,Senate,,2012,,9,https://www.capitol.tn.gov/Bills/107/Bill/SB3310.pdf
113,Tennessee,2,"Education, Curriculum - As enacted, requires that instruction on the detection, intervention, prevention, and treatment of child sexual abuse be provided as part of a family life curriculum; provides immunity from a cause of action for such instruction provided by teachers employed by the LEA and certain other instructors in certain circumstances. - Amends TCA Section 37-1-603 and Title 49, Chapter 6, Part 13.",,110,Senate,1/10/18,4/4/18,,9,https://www.capitol.tn.gov/Bills/110/Bill/SB1510.pdf
114,Tennessee,3,"Education, Curriculum - As enacted, requires an LEA or public charter school to notify a student's parent or guardian prior to commencing instruction of a sexual orientation or gender identity curriculum; permits a parent or guardian to excuse the parent's or guardian's student from a sexual orientation or gender identity curriculum, and prohibits the LEA or charter school from penalizing an excused student. - Amends TCA Title 49, Chapter 6, Part 13.",,112,Senate,2/4/21,5/5/21,,9,https://s3.amazonaws.com/fn-document-service/file-by-sha384/f283bd0ee83df960f18609cf50ae1d9433fee53b1cc70124ac9d0311c40f7fda3036b0ac670ca472e50d313aeb0f831b
115,Tennessee,4,"Education - As enacted, extends, beginning with the 2021-2022 school year, the counties within which each LEA must implement a program of family life education from counties with a pregnancy rate of 19.5 pregnancies for every 1,000 females ages 15 to 17 to all counties; requires a curriculum on sex education or human sexuality that is implemented by an LEA as a part of a human growth and development program be in conformance with the curriculum guidelines established for family life programs. - Amends TCA Title 49, Chapter 6, Part 13.",,112,Senate,2/3/21,5/18/21,,9,https://s3.amazonaws.com/fn-document-service/file-by-sha384/44440428e6b5fa4000b05c948b17159bc28b29e796607728729339a9f3e99075bc451caba0bdc87d238ee458df203f16
116,Tennessee,5,"Education, Curriculum - As enacted, revises provisions governing contraception information provided as part of instruction of the family life curriculum. - Amends TCA Title 4; Title 37; Title 49; Title 63; Title 68 and Section 71-5-133.",,112,Senate,2/5/21,5/18/21,,9,https://s3.amazonaws.com/fn-document-service/file-by-sha384/566c09fa592bd57ade5c9fb6e490a2531ff81e1fb340bc2abe9d921ab265adf9aaaeea1c79eefd24111334b562ae54f3
152,Tennessee,6,"Education - As enacted, prohibits an LEA or public charter school from knowingly entering into an agreement with an individual or entity that performs abortions, induces abortions, provides abortion referrals, or provides funding, advocacy, or other support for abortions. - Amends TCA Title 49.",HB 2557,112,House,1/31/22,5/4/22,,9,https://s3.amazonaws.com/fn-document-service/file-by-sha384/ab66cf14a145614c9e010109acffd810efecaf7305f3ae4a634a1f749fd3bd87613599d9e06e7bf357929f3919ee9cf1
117,Texas,1,Relating to the public school finance system and public education.,HB 1525,87,House,3/12/21,6/16/21,,8,https://capitol.texas.gov/tlodocs/87R/billtext/html/HB01525F.HTM
118,Texas,2,Texas Education Code §§ 28.004 without HB 1525 additions,,,,,,,2,https://statutes.capitol.texas.gov/Docs/ED/htm/ED.28.htm#28.004
119,Texas,3,"Texas State Board of Education Administrative Code §§ 115.22 Health Education, Grade 6",,,,,,,7,https://texreg.sos.state.tx.us/public/readtac$ext.TacPage?sl=R&app=9&p_dir=&p_rloc=&p_tloc=&p_ploc=&pg=1&p_tac=&ti=19&pt=2&ch=115&rl=22
120,Texas,4,"Texas State Board of Education Administrative Code §§ 115.23 Health Education, Grade 7-8",,,,,,,7,https://texreg.sos.state.tx.us/public/readtac$ext.TacPage?sl=T&app=9&p_dir=N&p_rloc=184753&p_tloc=&p_ploc=1&pg=4&p_tac=&ti=19&pt=2&ch=115&rl=22
121,Texas,5,"Texas State Board of Education Administrative Code §§ 115.32 Health 1, Grades 9-10 (One-Half Credit)",,,,,,,7,https://texreg.sos.state.tx.us/public/readtac$ext.TacPage?sl=T&app=9&p_dir=N&p_rloc=10212&p_tloc=&p_ploc=1&pg=6&p_tac=&ti=19&pt=2&ch=115&rl=22
122,Texas,6,"Texas State Board of Education Administrative Code §§ 115.33 Advanced Health, Grades 11-12 (One-Half Credit)",,,,,,,7,https://texreg.sos.state.tx.us/public/readtac$ext.TacPage?sl=T&app=9&p_dir=N&p_rloc=184755&p_tloc=&p_ploc=1&pg=7&p_tac=&ti=19&pt=2&ch=115&rl=22
123,Texas,7,"Texas Health and Safety Code 85.007. Educational Materials for Minors / United States Supreme Court handed down a decision in Lawrence v. Texas that declared state laws criminalizing homosexual behavior to be unconstitutional in 2003, invalidating Section 21.06 despite it remaining in Texas Code ",,,,,,,5,https://codes.findlaw.com/tx/health-and-safety-code/health-safety-sect-85-007.html
124,Texas,8,"Texas Health and Safety Code 163.002. Instructional Elements / United States Supreme Court handed down a decision in Lawrence v. Texas that declared state laws criminalizing homosexual behavior to be unconstitutional in 2003, invalidating Section 21.06 despite it remaining in Texas Code ",,,,,,,5,https://codes.findlaw.com/tx/health-and-safety-code/health-safety-sect-163-002.html
125,Utah,1d,Text removed from 53A-13-101,SB 196,2017 GENERAL SESSION,Senate,,2017,,9,https://le.utah.gov/~2017/bills/sbillenr/SB0196.pdf
126,Utah,1c,Adds to 53G-10-402,HB 286,2018 GENERAL SESSION,House,,2018,,9,https://le.utah.gov/~2018/bills/hbillenr/HB0286.pdf
127,Utah,1b,Adds to 53G-10-402,HB 71,2019 GENERAL SESSION,House,,2019,,9,https://s3.amazonaws.com/fn-document-service/file-by-sha384/bee3c7afe885f7db33c2078149780fd4c4e99a078cdc000e03db3bc89e9606416baefccbe0e8bc292e1115588d4e0475
128,Utah,1a,53G-10-402 without amendments,,,,,,,9,https://le.utah.gov/xcode/Title53G/Chapter10/53G-10-S402.html
129,Utah,2,Administrative Code §§ R277-474,,,,,,,9,"https://www.schools.utah.gov/file/96361a05-763d-4edb-9df3-dad6e2a1f40b#:~:text=R277%2D474%2D4.&text=The%20Superintendent%20shall%3A%20(1),timelines%20for%20use%20by%20LEAs."
130,Virginia,1j,Individualized education program teams; Department of Education to develop guidelines. / amends to add § 22.1-217.03. Individualized education program teams to consider need for certain age-appropriate and developmentally appropriate instruction.,HB 134,2020,House,12/17/19,3/2/20,,4,https://lis.virginia.gov/cgi-bin/legp604.exe?201+ful+CHAP0051
131,Virginia,1i,"Family life education; school boards to review curricula, contemporary community standards. / An Act to amend and reenact § 22.1-207.1 of the Code of Virginia",HB 1336,2020,House,1/8/20,4/6/20,,9,https://lis.virginia.gov/cgi-bin/legp604.exe?201+ful+CHAP0687
132,Virginia,1h,Family life education curricula; personal privacy and personal boundaries. / An Act to amend and reenact § 22.1-207.1:1 of the Code of Virginia,HB 45,2018,House,11/30/17,3/6/18,,4,https://lis.virginia.gov/cgi-bin/legp604.exe?181+ful+CHAP0383&181+ful+CHAP0383
133,Virginia,1g,Family life education; consent. / what is taken out of § 22.1-207.1:1 of the Code of Virginia,HB 2205,2019,House,1/8/19,3/12/19,,4,https://lis.virginia.gov/cgi-bin/legp604.exe?191+ful+HB2205&191+ful+HB2205
134,Virginia,1f,Family life education; age-appropriate elements of effective programs. / added to  22.1-207.1:1 of the Code of Virginia,SB 101,2018,Senate,12/12/17,3/12/18,,4,https://lis.virginia.gov/cgi-bin/legp604.exe?181+ful+CHAP0519&181+ful+CHAP0519
135,Virginia,1e,Family life education; BOE to include instruction on prevention of human trafficking. / add to §§ 22.1-207.1 and 22.1-207.1:1 of the Code of Virginia,SB 1141,2019,Senate,12/30/18,2/27/19,,3,https://lis.virginia.gov/cgi-bin/legp604.exe?191+ful+CHAP0595&191+ful+CHAP0595
136,Virginia,1d,Family life education; female genital mutilation. / adds to § 22.1-207.1:1 of the Code of Virginia,SB 1159,2019,Senate,1/2/19,3/4/19,,4,https://lis.virginia.gov/cgi-bin/legp604.exe?191+ful+CHAP0596&191+ful+CHAP0596
137,Virginia,1a,§ 22.1-207.1. Family life education before above amendments,,,,,,,9,https://lis.virginia.gov/cgi-bin/legp604.exe?191+ful+CHAP0595&191+ful+CHAP0595
138,Virginia,1b,§ 22.1-207.2. Right of parents to review certain materials; summaries distributed.,,,,,,,9,https://law.lis.virginia.gov/vacode/title22.1/chapter13/section22.1-207.2/
139,Virginia,1c,§ 22.1-207.1:1. Family life education; certain curricula and Standards of Learning. before above amendments,,,,,,,4,https://lis.virginia.gov/cgi-bin/legp604.exe?191+ful+CHAP0596&191+ful+CHAP0596
153,Virginia,2,"Family life education curricula, certain; optional instruction on human trafficking of children.",HB 1023,2022,House,1/12/22,4/11/22,,4,https://s3.amazonaws.com/fn-document-service/file-by-sha384/7a15bab5b46aeaaeabd13a19f22adc414273a969b537d91c9701402e8850ef8379595cfddc1dc5729d151bdb39b1d628
140,Vermont,1,"Vermont Statutes Annotated, Title 16 §§ 131 Definition",,,,,,,7,https://legislature.vermont.gov/statutes/section/16/001/00131
141,Vermont,2,"Vermont Statutes Annotated, Title 16 §§ 133. Supervisor; comprehensive health education",,,,,,,10,https://legislature.vermont.gov/statutes/section/16/001/00133
142,Vermont,3,"Vermont Statutes Annotated, Title 16 §§ 134. Religious exemption",,,,,,,8,https://legislature.vermont.gov/statutes/section/16/001/00134
143,Washington,1,Healthy Youth Act,SENATE BILL 5297,2007 Regular Session,Senate,,07/22/07,,1,https://lawfilesext.leg.wa.gov/biennium/2007-08/Pdf/Bills/Session%20Laws/Senate/5297-S.SL.pdf?cite=2007%20c%20265%20%C2%A7%202
144,Washington,2b,Concerning the timing and content of disclosures by continuing care retirement communities. / what was added,SB 5395,2017-2018,Senate,1/23/17,1/8/18,,1,https://lawfilesext.leg.wa.gov/biennium/2019-20/Htm/Bills/Session%20Laws/Senate/5395-S.SL.htm
144a,,2a,What the bill above removed,,,,,,,1,
145,Washington,4,RCW 28A.230.070 AIDS education in public schools—Limitations—Program adoption—Model curricula—Student's exclusion from participation.,,,,,,,10,https://apps.leg.wa.gov/RCW/default.aspx?cite=28A.230.070
146,Washington,3,RCW 28A.230.020 Common school curriculum.,,,,,,,10,https://apps.leg.wa.gov/RCW/default.aspx?cite=28A.230.020
147,Wisconsin,1,115.35  Health problems education program.,,,,,,2023,10,"https://docs.legis.wisconsin.gov/statutes/statutes/115/ii/35#:~:text=The%20school%20shall%20keep%20all,was%20produced%20in%20this%20state."
148,Wisconsin,2,118.019  Human growth and development instruction. 2012 no longer mandate instruction on human growth and development,,,,,,,8,https://docs.legis.wisconsin.gov/statutes/statutes/118/019
149,West Virginia,1,§18-2-9. Required courses of instruction.,,,,,,,10,http://www.wvlegislature.gov/WVCODE/ChapterEntire.cfm?chap=18&art=2&section=9#02
,Wyoming,,Wyoming schools are not required to teach sex education,,,,,,,,
,Rhode Island,,AN ACT RELATING TO EDUCATION - HEALTH AND SAFETY OF PUPILS          ,,,House,,07/06/07,,,https://webserver.rilegislature.gov/PublicLaws/law07/law07287.htm
,Rhode Island,,AN ACT RELATING TO EDUCATION - HEALTH AND SAFETY OF PUPILS (same as the above one),,,Senate,,07/03/07,,,https://webserver.rilegislature.gov/PublicLaws/law07/law07490.htm
,Rhode Island,,AN ACT RELATING TO EDUCATION -- CURRICULUM,,,,,08/09/1996,,,https://webserver.rilegislature.gov/PublicLaws96/law96400.htm
,Iowa,,Iowa Code 256.11,,,,,,1988,,https://www.legis.iowa.gov/docs/publications/iactc/72.2/CH1262.pdf
,Iowa,,Iowa Code 256.11,,,,,,2012,,https://www.legis.iowa.gov/docs/code/2011+/256.11.pdf
,Iowa,,Iowa Code 256.11,,,,,,2017,,https://www.legis.iowa.gov/docs/code/2017/256.11.pdf
,Wisconsin,,"CHAPTER 291 , Laws of 1981 . SECTION 6e. 115.35 (1)",,,,,,1981,,https://docs.legis.wisconsin.gov/1981/related/acts/291
,Wisconsin,,1985 Wisconsin Act 56 ,,,,,,1985,,https://docs.legis.wisconsin.gov/1985/related/acts/56
,Wisconsin,,1989 Wisconsin Act 203,,,,,,1989,,https://docs.legis.wisconsin.gov/1989/related/acts/203
,Wisconsin,,2005 WISCONSIN ACT 445,,,,,,2006,,https://docs.legis.wisconsin.gov/2005/related/acts/445
,Wisconsin,,2009 WISCONSIN ACT 134,,,,,,2010,,https://docs.legis.wisconsin.gov/2009/related/acts/134
,Wisconsin,,2011 WISCONSIN ACT 216,,,,,,2012,,https://docs.legis.wisconsin.gov/2011/related/acts/216
,Indiana,,Indiana Code Title 20. Education § 20-30-5-12,,,,,,2009,,https://iga.in.gov/laws/ic/downloads
,Indiana,,Indiana Code Title 20. Education § 20-34-3-17,,,,,,2009,,https://iga.in.gov/laws/ic/downloads
,Indiana,,Indiana Code Title 20. Education § 20-30-5-13,,,,,,2009,,https://iga.in.gov/laws/ic/downloads